name,data_type,label,value,value_1,value_2,value_3,value_4,value_5,value_6,value_7,value_8,value_9,value_10
utc,numeric,UTC timestamp,UTC timestamp,NA,NA,NA,NA,NA,NA,NA,NA,NA,NA
subid,numeric,Subject ID number,Range 1:270,NA,NA,NA,NA,NA,NA,NA,NA,NA,NA
dem_1,numeric,What is your age (in years)?,,NA,NA,NA,NA,NA,NA,NA,NA,NA,NA
dem_2,numeric,What is your sex?,NA,female,male,NA,NA,NA,NA,NA,NA,NA,NA
dem_3,numeric,What is your race?,NA,American Indian/Alaska Native,Asian,Native Hawaiian or Other Pacific Islander,Black/African American,White/Caucasian,Other/Multiracial,NA,NA,NA,NA
dem_3_1,character,"If Other/Multiracial, please specify",NA,NA,NA,NA,NA,NA,NA,NA,NA,NA,NA
dem_4,numeric,"Are you of Hispanic, Latino, or Spanish origin?",NA,"No, I am not of Hispanic, Latino, or Spanish origin","Yes, Mexican, Mexican American, Chicano","Yes, Puerto Rican","Yes, Cuban","Yes, another Hispanic, Latino, or Spanish origin",,,,,
dem_4_1,character,"If another Hispanic, Latino, or Spanish origin, please specify",,NA,NA,NA,NA,NA,NA,NA,NA,NA,NA
dem_5,numeric,What is your highest level of education completed?,NA,Less than high school or GED degree,High school or GED,Some college,2-Year degree,College degree,Advanced degree,NA,NA,NA,NA
dem_6,numeric,What is your current employment status?,NA,Employed,"Temporarily laid off, sick leave, or maternity leave",Unemployed,Retired,Disabled,Homemaker,Full-time student,"Other, not otherwise specified",NA,NA
dem_6_1,numeric,"If employed, are you....",NA,Part-time,Full-time,NA,NA,NA,NA,NA,NA,NA,NA
dem_7,numeric,Please indicate your approximate total personal gross income (prior to deducting taxes) in dollars per year. Do not include a dollar sign ($).,,NA,NA,NA,NA,NA,NA,NA,NA,NA,NA
dem_8,numeric,What is your marital status?,NA,Married,Widowed ,Divorced,Separated,Never Married,NA,NA,NA,NA,NA
dem2_2,numeric,"How many living parents do you have (include biological, adopted, or step-parents)?",,NA,NA,NA,NA,NA,NA,NA,NA,NA,NA
dem2_4,numeric,"How may deceased parents do you have (include biological, adopted, or step-parents)?",,NA,NA,NA,NA,NA,NA,NA,NA,NA,NA
dem2_6,numeric,"How many living children do you have (include biological, adopted, or step-children)?",,NA,NA,NA,NA,NA,NA,NA,NA,NA,NA
dem2_8,numeric,"How many deceased children do you have  (include biological, adopted, or step-children)?",,NA,NA,NA,NA,NA,NA,NA,NA,NA,NA
auh_1,numeric,"How old were you when you first tried alcohol without your family (i.e., alone or with friends only)?",,NA,NA,NA,NA,NA,NA,NA,NA,NA,NA
auh_2,numeric,At what age did you first begin drinking regularly-that is drinking at least once a week for 6 months or more?,,NA,NA,NA,NA,NA,NA,NA,NA,NA,NA
auh_3,numeric,How old were you when you first believed that you had a drinking problem?,,NA,NA,NA,NA,NA,NA,NA,NA,NA,NA
auh_4,numeric,How old were you when you first tried to quit drinking?,,NA,NA,NA,NA,NA,NA,NA,NA,NA,NA
auh_5,numeric,How many times have you tried to quit drinking alcohol?,,NA,NA,NA,NA,NA,NA,NA,NA,NA,NA
auh_6_1,numeric,Programs or treatments used in the past to help quit drinking: Long-Term Residential Treatment (more than 6 months),NA,Not selected,Selected,NA,NA,NA,NA,NA,NA,NA,NA
auh_6_2,numeric,Programs or treatments used in the past to help quit drinking: Short-Term Residential Treatment (less than 6 months),NA,Not selected,Selected,NA,NA,NA,NA,NA,NA,NA,NA
auh_6_3,numeric,Programs or treatments used in the past to help quit drinking: Outpatient Treatment  ,NA,Not selected,Selected,NA,NA,NA,NA,NA,NA,NA,NA
auh_6_4,numeric,Programs or treatments used in the past to help quit drinking: Individual Counseling  ,NA,Not selected,Selected,NA,NA,NA,NA,NA,NA,NA,NA
auh_6_5,numeric,Programs or treatments used in the past to help quit drinking: Group Counseling  ,NA,Not selected,Selected,NA,NA,NA,NA,NA,NA,NA,NA
auh_6_6,numeric,Programs or treatments used in the past to help quit drinking: Alcoholics Anonymous/Narcotics Anonymous  ,NA,Not selected,Selected,NA,NA,NA,NA,NA,NA,NA,NA
auh_6_7,numeric,Programs or treatments used in the past to help quit drinking: Other  ,NA,Not selected,Selected,NA,NA,NA,NA,NA,NA,NA,NA
auh_6_1_2,character,Specify other program:,,NA,NA,NA,NA,NA,NA,NA,NA,NA,NA
auh_7,numeric,Have you ever taken prescribed medication to help maintain abstinence from alcohol?,,No,Yes,NA,NA,NA,NA,NA,NA,NA,NA
auh_7_1_1_med1,character,"If yes, please list the name of all prescribed medications below. - Medication 1",,NA,NA,NA,NA,NA,NA,NA,NA,NA,NA
auh_7_1_2_med2,character,"If yes, please list the name of all prescribed medications below. - Medication 2",,NA,NA,NA,NA,NA,NA,NA,NA,NA,NA
auh_7_1_3_med3,character,"If yes, please list the name of all prescribed medications below. - Medication 3",,NA,NA,NA,NA,NA,NA,NA,NA,NA,NA
auh_7_1_4_med4,character,"If yes, please list the name of all prescribed medications below. - Medication 4",,NA,NA,NA,NA,NA,NA,NA,NA,NA,NA
auh_8_month,numeric,What was the most recent date that you quit drinking alcohol? Please indicate the date after your... - Month - Please Select:,,NA,NA,NA,NA,NA,NA,NA,NA,NA,NA
auh_8_day,numeric,What was the most recent date that you quit drinking alcohol? Please indicate the date after your... - Day - Please Select:,,NA,NA,NA,NA,NA,NA,NA,NA,NA,NA
auh_8_year,numeric,What was the most recent date that you quit drinking alcohol? Please indicate the date after your... - Year - Please Select:,,NA,NA,NA,NA,NA,NA,NA,NA,NA,NA
auh_9,numeric,"In the six months prior to your most recent quit date,approximately how many days per week did you consume any alcohol?",,NA,NA,NA,NA,NA,NA,NA,NA,NA,NA
auh_10,numeric,"In the six months prior to your most recent quit date,on average how many days per week did you consume 6 or more alcoholic drinks in one day?
(Note: one ""drink""=one 12 ounce beer or one 5 once glass of wine or one 1.5 ounce shot of hard liquor, straight or with mixer.)",,NA,NA,NA,NA,NA,NA,NA,NA,NA,NA
auh_11,numeric,"In the six months prior to your most recent quit date,on average how many alcoholic drinks per day did you consume on days when you drink?(Note: one ""drink""=one 12 ounce beer or one 5 once glass of wine or one 1.5 ounce shot of hard liquor, straight or with mixer.)",,NA,NA,NA,NA,NA,NA,NA,NA,NA,NA
auh_12,numeric,"In the six months when you drank at your heaviest in your life,approximately how many days per week did you consume any alcohol?",,NA,NA,NA,NA,NA,NA,NA,NA,NA,NA
auh_13,numeric,"In the six months when you drank at your heaviest in your life,on average how many days per week did you consume 6 or more alcoholic drinks in one day?
(Note: one ""drink""=one 12 ounce beer or one 5 once glass of wine or one 1.5 ounce shot of hard liquor, straight or with mixer.)",,NA,NA,NA,NA,NA,NA,NA,NA,NA,NA
auh_14,numeric,"In the six months when you drank at your heaviest in your life,on average how many drinks per day did you consume on days when you drink?(Note: one ""drink""=one 12 ounce beer or one 5 ounce glass of wine or one 1.5 ounce shot of hard liquor, straight or with mixer.)",,NA,NA,NA,NA,NA,NA,NA,NA,NA,NA
dsm5_1,numeric,I often used alcohol in large amounts over longer periods of time than I intended.,NA,No,Yes,NA,NA,NA,NA,NA,NA,NA,NA
dsm5_2,numeric,I often wanted or tried to cut down or control my alcohol use.,NA,No,Yes,NA,NA,NA,NA,NA,NA,NA,NA
dsm5_3,numeric,"I spent a lot of time either (a) using alcohol, (b) in activities trying to obtain alcohol, or (c) recovering from the effects of my drinking alcohol.",NA,No,Yes,NA,NA,NA,NA,NA,NA,NA,NA
dsm5_4,numeric,"I gave up or reduced my involvement in important social, occupational, or recreational activities because of my alcohol use.",NA,No,Yes,NA,NA,NA,NA,NA,NA,NA,NA
dsm5_5,numeric,"I continued to use alcohol despite knowing that it likely caused or made worse psychological or physical problems I had (for example, continued drinking alcohol despite knowing it was making my ulcer or depression worse).",NA,No,Yes,NA,NA,NA,NA,NA,NA,NA,NA
dsm5_6,numeric,"I found I needed greater amounts of alcohol than I used to in order to feel intoxicated or to get a desired effect, OR I got much less of an effect by using the same amount of alcohol as in the past.",NA,No,Yes,NA,NA,NA,NA,NA,NA,NA,NA
dsm5_7,numeric,"I experienced withdrawal symptoms when I tried to cut down or stop drinking alcohol, OR I drank alcohol to relieve or avoid withdrawal symptoms.",NA,No,Yes,NA,NA,NA,NA,NA,NA,NA,NA
dsm5_8,numeric,"My alcohol use resulted in my not fulfilling major obligations at work, school, or home (for example, repeated absences or poor performances at work or school; neglecting my children at home).",NA,No,Yes,NA,NA,NA,NA,NA,NA,NA,NA
dsm5_9,numeric,"I repeatedly used alcohol in situations that were physically hazardous (for example, driving a car or operating machinery).",NA,No,Yes,NA,NA,NA,NA,NA,NA,NA,NA
dsm5_10,numeric,"I have experienced strong desires, urges, or cravings to use alcohol.",NA,No,Yes,NA,NA,NA,NA,NA,NA,NA,NA
dsm5_11,numeric,"I continued to use alcohol despite having persistent or recurrent social or interpersonal problems caused or made worse by the effects of my drinking (for example, arguments with friends about my drinking or physical fights).",NA,No,Yes,NA,NA,NA,NA,NA,NA,NA,NA
yap_1,numeric,Have you driven a car when you knew you had too much to drink to drive safely?,NA,"No, never","Yes, but not in the past year",1 time in the past year,2 times in the past year,3 times in the past year,4-6 times in the past year,7-11 times in the past year,12-20 times in the past year,21-39 times in the past year,40 or more times in the past year 
yap_2,numeric,Have you had a headache (hangover) in the morning after you had been drinking?,NA,"No, never","Yes, but not in the past year",2 time in the past year,2 times in the past year,3 times in the past year,4-6 times in the past year,7-11 times in the past year,12-20 times in the past year,21-39 times in the past year,41 or more times in the past year 
yap_3,numeric,Have you felt very sick to your stomach or thrown up after drinking?,NA,"No, never","Yes, but not in the past year",3 time in the past year,2 times in the past year,3 times in the past year,4-6 times in the past year,7-11 times in the past year,12-20 times in the past year,21-39 times in the past year,42 or more times in the past year 
yap_4,numeric,"Have you showed up late for work or school because of drinking, a hangover, or an illness caused by drinking?",NA,"No, never","Yes, but not in the past year",4 time in the past year,2 times in the past year,3 times in the past year,4-6 times in the past year,7-11 times in the past year,12-20 times in the past year,21-39 times in the past year,43 or more times in the past year 
yap_5,numeric,"Have you not gone to work or missed classes at school because of drinking, a hangover, or an illness caused by drinking?",NA,"No, never","Yes, but not in the past year",5 time in the past year,2 times in the past year,3 times in the past year,4-6 times in the past year,7-11 times in the past year,12-20 times in the past year,21-39 times in the past year,44 or more times in the past year 
yap_6,numeric,Have you gotten into physical fights when drinking?,NA,"No, never","Yes, but not in the past year",6 time in the past year,2 times in the past year,3 times in the past year,4-6 times in the past year,7-11 times in the past year,12-20 times in the past year,21-39 times in the past year,45 or more times in the past year 
yap_7,numeric,Have you ever gotten into trouble at work or school because of drinking?,NA,"No, never","Yes, but not in the past year",7 time in the past year,2 times in the past year,3 times in the past year,4-6 times in the past year,7-11 times in the past year,12-20 times in the past year,21-39 times in the past year,46 or more times in the past year 
yap_8,numeric,Have you ever been fired from a job or suspended or expelled from school because of your drinking?,NA,"No, never","Yes, but not in the past year",8 time in the past year,2 times in the past year,3 times in the past year,4-6 times in the past year,7-11 times in the past year,12-20 times in the past year,21-39 times in the past year,47 or more times in the past year 
yap_9,numeric,"Have you damaged property, set off a false alarm, or other things like that after you had been drinking?",NA,"No, never","Yes, but not in the past year",9 time in the past year,2 times in the past year,3 times in the past year,4-6 times in the past year,7-11 times in the past year,12-20 times in the past year,21-39 times in the past year,48 or more times in the past year 
yap_10,numeric,"Has your boyfriend/girlfriend (or spouse), parent(s), or other near relative every complained to you about your drinking?",NA,"No, never","Yes, but not in the past year",10 time in the past year,2 times in the past year,3 times in the past year,4-6 times in the past year,7-11 times in the past year,12-20 times in the past year,21-39 times in the past year,49 or more times in the past year 
yap_11,numeric,Has your drinking ever created problems between you and your boyfriend/girlfriend (or spouse) or another relative?,NA,"No, never","Yes, but not in the past year",11 time in the past year,2 times in the past year,3 times in the past year,4-6 times in the past year,7-11 times in the past year,12-20 times in the past year,21-39 times in the past year,50 or more times in the past year 
yap_12,numeric,Have you ever lost friends (including boyfriends or girlfriends) because of your drinking?,NA,"No, never","Yes, but not in the past year",12 time in the past year,2 times in the past year,3 times in the past year,4-6 times in the past year,7-11 times in the past year,12-20 times in the past year,21-39 times in the past year,51 or more times in the past year 
yap_13,numeric,"Have you ever neglected your obligations, your family, your work, or school work for two or more days in a row because of your drinking?",NA,"No, never","Yes, but not in the past year",13 time in the past year,2 times in the past year,3 times in the past year,4-6 times in the past year,7-11 times in the past year,12-20 times in the past year,21-39 times in the past year,52 or more times in the past year 
yap_14,numeric,"Have you ever neglected your obligations, your family, your work, or school work for two or more day",NA,"No, never","Yes, but not in the past year",14 time in the past year,2 times in the past year,3 times in the past year,4-6 times in the past year,7-11 times in the past year,12-20 times in the past year,21-39 times in the past year,53 or more times in the past year 
yap_15,numeric,Have you ever received a lower grade on an exam or paper than you should have because of your drinking?,NA,"No, never","Yes, but not in the past year",15 time in the past year,2 times in the past year,3 times in the past year,4-6 times in the past year,7-11 times in the past year,12-20 times in the past year,21-39 times in the past year,54 or more times in the past year 
yap_16,numeric,"Have you ever been arrested for drunk driving, driving while intoxicated, or driving under the influence of alcohol?",NA,"No, never","Yes, but not in the past year",16 time in the past year,2 times in the past year,3 times in the past year,4-6 times in the past year,7-11 times in the past year,12-20 times in the past year,21-39 times in the past year,55 or more times in the past year 
yap_17,numeric,"Have you ever been arrested for drunk driving, driving while intoxicated, or driving under the influ",NA,"No, never","Yes, but not in the past year",17 time in the past year,2 times in the past year,3 times in the past year,4-6 times in the past year,7-11 times in the past year,12-20 times in the past year,21-39 times in the past year,56 or more times in the past year 
yap_18,numeric,Have you awakened the morning after a good bit of drinking and found that you could not remember a part of the evening before?,NA,"No, never","Yes, but not in the past year",18 time in the past year,2 times in the past year,3 times in the past year,4-6 times in the past year,7-11 times in the past year,12-20 times in the past year,21-39 times in the past year,57 or more times in the past year 
yap_19,numeric,"Have you ever had ""the shakes"" after stopping or cutting down on drinking (for example, your hands shake so that your coffee cup rattles in the saucer or you have trouble lighting a cigarette)?",NA,"No, never","Yes, but not in the past year",19 time in the past year,2 times in the past year,3 times in the past year,4-6 times in the past year,7-11 times in the past year,12-20 times in the past year,21-39 times in the past year,58 or more times in the past year 
yap_20,numeric,"Have you ever felt like you needed a drink just after you'd gotten up (that is, before breakfast)?",NA,"No, never","Yes, but not in the past year",20 time in the past year,2 times in the past year,3 times in the past year,4-6 times in the past year,7-11 times in the past year,12-20 times in the past year,21-39 times in the past year,59 or more times in the past year 
yap_21,numeric,"Have you ever found you needed larger amounts of alcohol to feel any effect, or that you could no longer get high or drunk on the amount that used to get you high or drunk?",NA,"No, never","Yes, but not in the past year","Yes, in the past year",,NA,NA,NA,NA,NA,NA
yap_22,numeric,Have you ever felt that you needed alcohol or were dependent on alcohol?,NA,"No, never","Yes, but not in the past year","Yes, in the past year",,NA,NA,NA,NA,NA,NA
yap_23,numeric,Have you ever felt guilty about your drinking?,NA,"No, never","Yes, but not in the past year","Yes, in the past year",,NA,NA,NA,NA,NA,NA
yap_24,numeric,Has a doctor ever told you that your drinking was harming your health?,NA,"No, never","Yes, but not in the past year","Yes, in the past year",,NA,NA,NA,NA,NA,NA
yap_25,numeric,Have you ever gone to anyone for help to control your drinking?,NA,"No, never","Yes, but not in the past year","Yes, in the past year",,NA,NA,NA,NA,NA,NA
yap_26,numeric,Have you ever attended a meeting of Alcoholics Anonymous because of concern about your drinking?,NA,"No, never","Yes, but not in the past year","Yes, in the past year",,NA,NA,NA,NA,NA,NA
yap_27,numeric,"Have you ever sought professional help for your drinking (for example, spoken to a physician, psychologist, psychiatrist, alcoholism counselor, clergyman about your drinking)?",NA,"No, never","Yes, but not in the past year","Yes, in the past year",,NA,NA,NA,NA,NA,NA
assist_1_1,numeric,"In your life, which of the following substances have you ever used? (Non-Medical Use Only) - Tobacco products (cigarettes, chewing tobacco, cigars, etc.)",NA,Not selected,Selected,NA,NA,NA,NA,NA,NA,NA,NA
assist_1_2,numeric,"In your life, which of the following substances have you ever used? (Non-Medical Use Only) - Cannabis (marijuana, pot, grass, hash, etc.)",NA,Not selected,Selected,NA,NA,NA,NA,NA,NA,NA,NA
assist_1_3,numeric,"In your life, which of the following substances have you ever used? (Non-Medical Use Only) - Cocaine (coke, crack, etc.)",NA,Not selected,Selected,NA,NA,NA,NA,NA,NA,NA,NA
assist_1_4,numeric,"In your life, which of the following substances have you ever used? (Non-Medical Use Only) - Amphetamine type stimulants (speed, diet pills, ecstasy, etc.)",NA,Not selected,Selected,NA,NA,NA,NA,NA,NA,NA,NA
assist_1_5,numeric,"In your life, which of the following substances have you ever used? (Non-Medical Use Only) - Inhalants (nitrous, glue, petrol, paint thinner, etc.)",NA,Not selected,Selected,NA,NA,NA,NA,NA,NA,NA,NA
assist_1_6,numeric,"In your life, which of the following substances have you ever used? (Non-Medical Use Only) - Sedatives or Sleeping Pills (Valium, Serepax, Rohypnol, etc.)",NA,Not selected,Selected,NA,NA,NA,NA,NA,NA,NA,NA
assist_1_7,numeric,"In your life, which of the following substances have you ever used? (Non-Medical Use Only) - Hallucinogens (LSD, acid, mushrooms, PCP, Special K, etc.)",NA,Not selected,Selected,NA,NA,NA,NA,NA,NA,NA,NA
assist_1_8,numeric,"In your life, which of the following substances have you ever used? (Non-Medical Use Only) - Opioids (heroin, morphine, methadone, codeine, etc.)",NA,Not selected,Selected,NA,NA,NA,NA,NA,NA,NA,NA
assist_4_1,numeric,"During the past three months, how often has your use of any of the substances below led to health, social, legal or financial problems? - Tobacco products (cigarettes, chewing tobacco, cigars, etc.)",NA,Never,Once or Twice,Monthly,Weekly,Daily or Almost Daily ,NA,NA,NA,NA,NA
assist_4_2,numeric,"During the past three months, how often has your use of any of the substances below led to health, social, legal or financial problems? - Cannabis (marijuana, pot, grass, hash, etc.)",NA,Never,Once or Twice,Monthly,Weekly,Daily or Almost Daily ,NA,NA,NA,NA,NA
assist_4_3,numeric,"During the past three months, how often has your use of any of the substances below led to health, social, legal or financial problems? - Cocaine (coke, crack, etc.)",NA,Never,Once or Twice,Monthly,Weekly,Daily or Almost Daily ,NA,NA,NA,NA,NA
assist_4_4,numeric,"During the past three months, how often has your use of any of the substances below led to health, social, legal or financial problems? - Amphetamine type stimulants (speed, diet pills, ecstasy, etc.)",NA,Never,Once or Twice,Monthly,Weekly,Daily or Almost Daily ,NA,NA,NA,NA,NA
assist_4_5,numeric,"During the past three months, how often has your use of any of the substances below led to health, social, legal or financial problems? - Inhalants (nitrous, glue, petrol, paint thinner, etc.)",NA,Never,Once or Twice,Monthly,Weekly,Daily or Almost Daily ,NA,NA,NA,NA,NA
assist_4_6,numeric,"During the past three months, how often has your use of any of the substances below led to health, social, legal or financial problems? - Sedatives or Sleeping Pills (Valium, Serepax, Rohypnol, etc.)",NA,Never,Once or Twice,Monthly,Weekly,Daily or Almost Daily ,NA,NA,NA,NA,NA
assist_4_7,numeric,"During the past three months, how often has your use of any of the substances below led to health, social, legal or financial problems? - Hallucinogens (LSD, acid, mushrooms, PCP, Special K, etc.)",NA,Never,Once or Twice,Monthly,Weekly,Daily or Almost Daily ,NA,NA,NA,NA,NA
assist_4_8,numeric,"During the past three months, how often has your use of any of the substances below led to health, social, legal or financial problems? - Opioids (heroin, morphine, methadone, codeine, etc.)",NA,Never,Once or Twice,Monthly,Weekly,Daily or Almost Daily ,NA,NA,NA,NA,NA
assist_5_1,numeric,"During the past three months, how often have you failed to do what was normally expected of you because of your use of any of the substances below? - Tobacco products (cigarettes, chewing tobacco, cigars, etc.)",NA,Never,Once or Twice,Monthly,Weekly,Daily or Almost Daily ,NA,NA,NA,NA,NA
assist_5_2,numeric,"During the past three months, how often have you failed to do what was normally expected of you because of your use of any of the substances below? - Cannabis (marijuana, pot, grass, hash, etc.)",NA,Never,Once or Twice,Monthly,Weekly,Daily or Almost Daily ,NA,NA,NA,NA,NA
assist_5_3,numeric,"During the past three months, how often have you failed to do what was normally expected of you because of your use of any of the substances below? - Cocaine (coke, crack, etc.)",NA,Never,Once or Twice,Monthly,Weekly,Daily or Almost Daily ,NA,NA,NA,NA,NA
assist_5_4,numeric,"During the past three months, how often have you failed to do what was normally expected of you because of your use of any of the substances below? - Amphetamine type stimulants (speed, diet pills, ecstasy, etc.)",NA,Never,Once or Twice,Monthly,Weekly,Daily or Almost Daily ,NA,NA,NA,NA,NA
assist_5_5,numeric,"During the past three months, how often have you failed to do what was normally expected of you because of your use of any of the substances below? - Inhalants (nitrous, glue, petrol, paint thinner, etc.)",NA,Never,Once or Twice,Monthly,Weekly,Daily or Almost Daily ,NA,NA,NA,NA,NA
assist_5_6,numeric,"During the past three months, how often have you failed to do what was normally expected of you because of your use of any of the substances below? - Sedatives or Sleeping Pills (Valium, Serepax, Rohypnol, etc.)",NA,Never,Once or Twice,Monthly,Weekly,Daily or Almost Daily ,NA,NA,NA,NA,NA
assist_5_7,numeric,"During the past three months, how often have you failed to do what was normally expected of you because of your use of any of the substances below? - Hallucinogens (LSD, acid, mushrooms, PCP, Special K, etc.)",NA,Never,Once or Twice,Monthly,Weekly,Daily or Almost Daily ,NA,NA,NA,NA,NA
assist_5_8,numeric,"During the past three months, how often have you failed to do what was normally expected of you because of your use of any of the substances below? - Opioids (heroin, morphine, methadone, codeine, etc.)",NA,Never,Once or Twice,Monthly,Weekly,Daily or Almost Daily ,NA,NA,NA,NA,NA
assist_6_1,numeric,"Has a friend or relative or anyone else ever expressed concern about your use of any of the substances below? - Tobacco products (cigarettes, chewing tobacco, cigars, etc.)",NA,Never,Once or Twice,Monthly,Weekly,Daily or Almost Daily ,NA,NA,NA,NA,NA
assist_6_2,numeric,"Has a friend or relative or anyone else ever expressed concern about your use of any of the substances below? - Cannabis (marijuana, pot, grass, hash, etc.)",NA,Never,Once or Twice,Monthly,Weekly,Daily or Almost Daily ,NA,NA,NA,NA,NA
assist_6_3,numeric,"Has a friend or relative or anyone else ever expressed concern about your use of any of the substances below? - Cocaine (coke, crack, etc.)",NA,Never,Once or Twice,Monthly,Weekly,Daily or Almost Daily ,NA,NA,NA,NA,NA
assist_6_4,numeric,"Has a friend or relative or anyone else ever expressed concern about your use of any of the substances below? - Amphetamine type stimulants (speed, diet pills, ecstasy, etc.)",NA,Never,Once or Twice,Monthly,Weekly,Daily or Almost Daily ,NA,NA,NA,NA,NA
assist_6_5,numeric,"Has a friend or relative or anyone else ever expressed concern about your use of any of the substances below? - Inhalants (nitrous, glue, petrol, paint thinner, etc.)",NA,Never,Once or Twice,Monthly,Weekly,Daily or Almost Daily ,NA,NA,NA,NA,NA
assist_6_6,numeric,"Has a friend or relative or anyone else ever expressed concern about your use of any of the substances below? - Sedatives or Sleeping Pills (Valium, Serepax, Rohypnol, etc.)",NA,Never,Once or Twice,Monthly,Weekly,Daily or Almost Daily ,NA,NA,NA,NA,NA
assist_6_7,numeric,"Has a friend or relative or anyone else ever expressed concern about your use of any of the substances below? - Hallucinogens (LSD, acid, mushrooms, PCP, Special K, etc.)",NA,Never,Once or Twice,Monthly,Weekly,Daily or Almost Daily ,NA,NA,NA,NA,NA
assist_6_8,numeric,"Has a friend or relative or anyone else ever expressed concern about your use of any of the substances below? - Opioids (heroin, morphine, methadone, codeine, etc.)",NA,Never,Once or Twice,Monthly,Weekly,Daily or Almost Daily ,NA,NA,NA,NA,NA
assist_7_1,numeric,"Have you ever tried and failed to control, cut down or stop using any of the substances below. - Tobacco products (cigarettes, chewing tobacco, cigars, etc.)",NA,Never,Once or Twice,Monthly,Weekly,Daily or Almost Daily ,NA,NA,NA,NA,NA
assist_7_2,numeric,"Have you ever tried and failed to control, cut down or stop using any of the substances below. - Cannabis (marijuana, pot, grass, hash, etc.)",NA,Never,Once or Twice,Monthly,Weekly,Daily or Almost Daily ,NA,NA,NA,NA,NA
assist_7_3,numeric,"Have you ever tried and failed to control, cut down or stop using any of the substances below. - Cocaine (coke, crack, etc.)",NA,Never,Once or Twice,Monthly,Weekly,Daily or Almost Daily ,NA,NA,NA,NA,NA
assist_7_4,numeric,"Have you ever tried and failed to control, cut down or stop using any of the substances below. - Amphetamine type stimulants (speed, diet pills, ecstasy, etc.)",NA,Never,Once or Twice,Monthly,Weekly,Daily or Almost Daily ,NA,NA,NA,NA,NA
assist_7_5,numeric,"Have you ever tried and failed to control, cut down or stop using any of the substances below. - Inhalants (nitrous, glue, petrol, paint thinner, etc.)",NA,Never,Once or Twice,Monthly,Weekly,Daily or Almost Daily ,NA,NA,NA,NA,NA
assist_7_6,numeric,"Have you ever tried and failed to control, cut down or stop using any of the substances below. - Sedatives or Sleeping Pills (Valium, Serepax, Rohypnol, etc.)",NA,Never,Once or Twice,Monthly,Weekly,Daily or Almost Daily ,NA,NA,NA,NA,NA
assist_7_7,numeric,"Have you ever tried and failed to control, cut down or stop using any of the substances below. - Hallucinogens (LSD, acid, mushrooms, PCP, Special K, etc.)",NA,Never,Once or Twice,Monthly,Weekly,Daily or Almost Daily ,NA,NA,NA,NA,NA
assist_7_8,numeric,"Have you ever tried and failed to control, cut down or stop using any of the substances below. - Opioids (heroin, morphine, methadone, codeine, etc.)",NA,Never,Once or Twice,Monthly,Weekly,Daily or Almost Daily ,NA,NA,NA,NA,NA
assist_8,numeric,Have you ever used any drug by injection? (Non-Medical Use Only)?,NA,"No, never","Yes, in the past 3 months","Yes, but not in the past 3 months",NA,NA,NA,NA,NA,NA,NA
scl90_1,numeric,How bothered or distressed were you during the past month by ...... - Headaches,NA,Not At All,A Little Bit,Moderately,Quite A Bit,Extremely,NA,NA,NA,NA,NA
scl90_2,numeric,How bothered or distressed were you during the past month by ...... - Nervousness or shakiness inside,NA,Not At All,A Little Bit,Moderately,Quite A Bit,Extremely,NA,NA,NA,NA,NA
scl90_3,numeric,"How bothered or distressed were you during the past month by ...... - Unwanted thoughts, words, or ideas that won't leave your mind",NA,Not At All,A Little Bit,Moderately,Quite A Bit,Extremely,NA,NA,NA,NA,NA
scl90_4,numeric,How bothered or distressed were you during the past month by ...... - Faintness or dizziness,NA,Not At All,A Little Bit,Moderately,Quite A Bit,Extremely,NA,NA,NA,NA,NA
scl90_5,numeric,How bothered or distressed were you during the past month by ...... - Loss of sexual interest or pleasure,NA,Not At All,A Little Bit,Moderately,Quite A Bit,Extremely,NA,NA,NA,NA,NA
scl90_6,numeric,How bothered or distressed were you during the past month by ...... - Feeling critical of others,NA,Not At All,A Little Bit,Moderately,Quite A Bit,Extremely,NA,NA,NA,NA,NA
scl90_7,numeric,How bothered or distressed were you during the past month by ...... - The idea that someone else can control your thoughts,NA,Not At All,A Little Bit,Moderately,Quite A Bit,Extremely,NA,NA,NA,NA,NA
scl90_8,numeric,How bothered or distressed were you during the past month by ...... - Feeling others are to blame for most of your troubles,NA,Not At All,A Little Bit,Moderately,Quite A Bit,Extremely,NA,NA,NA,NA,NA
scl90_9,numeric,How bothered or distressed were you during the past month by ...... - Trouble remembering things,NA,Not At All,A Little Bit,Moderately,Quite A Bit,Extremely,NA,NA,NA,NA,NA
scl90_10,numeric,How bothered or distressed were you during the past month by ...... - Worried about sloppiness or carelessness,NA,Not At All,A Little Bit,Moderately,Quite A Bit,Extremely,NA,NA,NA,NA,NA
scl90_11,numeric,How bothered or distressed were you during the past month by ...... - Feeling easily annoyed or irritated,NA,Not At All,A Little Bit,Moderately,Quite A Bit,Extremely,NA,NA,NA,NA,NA
scl90_12,numeric,How bothered or distressed were you during the past month by ...... - Pains in heart or chest,NA,Not At All,A Little Bit,Moderately,Quite A Bit,Extremely,NA,NA,NA,NA,NA
scl90_13,numeric,How bothered or distressed were you during the past month by ...... - Feeling afraid in open spaces or on the streets,NA,Not At All,A Little Bit,Moderately,Quite A Bit,Extremely,NA,NA,NA,NA,NA
scl90_14,numeric,How bothered or distressed were you during the past month by ...... - Feeling low in energy or slowed down,NA,Not At All,A Little Bit,Moderately,Quite A Bit,Extremely,NA,NA,NA,NA,NA
scl90_15,numeric,How bothered or distressed were you during the past month by ...... - Thoughts of ending your life,NA,Not At All,A Little Bit,Moderately,Quite A Bit,Extremely,NA,NA,NA,NA,NA
scl90_16,numeric,How bothered or distressed were you during the past month by ...... - Hearing voices that other people do not hear,NA,Not At All,A Little Bit,Moderately,Quite A Bit,Extremely,NA,NA,NA,NA,NA
scl90_17,numeric,How bothered or distressed were you during the past month by ...... - Trembling,NA,Not At All,A Little Bit,Moderately,Quite A Bit,Extremely,NA,NA,NA,NA,NA
scl90_18,numeric,How bothered or distressed were you during the past month by ...... - Feeling that most people cannot be trusted,NA,Not At All,A Little Bit,Moderately,Quite A Bit,Extremely,NA,NA,NA,NA,NA
scl90_19,numeric,How bothered or distressed were you during the past month by ...... - Poor appetite,NA,Not At All,A Little Bit,Moderately,Quite A Bit,Extremely,NA,NA,NA,NA,NA
scl90_20,numeric,How bothered or distressed were you during the past month by ...... - Crying easily,NA,Not At All,A Little Bit,Moderately,Quite A Bit,Extremely,NA,NA,NA,NA,NA
scl90_21,numeric,How bothered or distressed were you during the past month by ...... - Feeling shy or uneasy with the opposite sex,NA,Not At All,A Little Bit,Moderately,Quite A Bit,Extremely,NA,NA,NA,NA,NA
scl90_22,numeric,How bothered or distressed were you during the past month by ...... - Feeling of being trapped or caught,NA,Not At All,A Little Bit,Moderately,Quite A Bit,Extremely,NA,NA,NA,NA,NA
scl90_23,numeric,How bothered or distressed were you during the past month by ...... - Suddenly scared for no reason,NA,Not At All,A Little Bit,Moderately,Quite A Bit,Extremely,NA,NA,NA,NA,NA
scl90_24,numeric,How bothered or distressed were you during the past month by ...... - Temper outbursts that you could not control,NA,Not At All,A Little Bit,Moderately,Quite A Bit,Extremely,NA,NA,NA,NA,NA
scl90_25,numeric,How bothered or distressed were you during the past month by ...... - Feeling afraid to go out of your house alone,NA,Not At All,A Little Bit,Moderately,Quite A Bit,Extremely,NA,NA,NA,NA,NA
scl90_26,numeric,How bothered or distressed were you during the past month by ...... - Blaming yourself for things,NA,Not At All,A Little Bit,Moderately,Quite A Bit,Extremely,NA,NA,NA,NA,NA
scl90_27,numeric,How bothered or distressed were you during the past month by ...... - Pains in lower back,NA,Not At All,A Little Bit,Moderately,Quite A Bit,Extremely,NA,NA,NA,NA,NA
scl90_28,numeric,How bothered or distressed were you during the past month by ...... - Feeling blocked in getting things done,NA,Not At All,A Little Bit,Moderately,Quite A Bit,Extremely,NA,NA,NA,NA,NA
scl90_29,numeric,How bothered or distressed were you during the past month by ...... - Feeling lonely,NA,Not At All,A Little Bit,Moderately,Quite A Bit,Extremely,NA,NA,NA,NA,NA
scl90_30,numeric,How bothered or distressed were you during the past month by ...... - Feeling blue,NA,Not At All,A Little Bit,Moderately,Quite A Bit,Extremely,NA,NA,NA,NA,NA
scl90_31,numeric,How bothered or distressed were you during the past month by ...... - Worrying too much about things,NA,Not At All,A Little Bit,Moderately,Quite A Bit,Extremely,NA,NA,NA,NA,NA
scl90_32,numeric,How bothered or distressed were you during the past month by ...... - Feeling no interest in things,NA,Not At All,A Little Bit,Moderately,Quite A Bit,Extremely,NA,NA,NA,NA,NA
scl90_33,numeric,How bothered or distressed were you during the past month by ...... - Feeling fearful,NA,Not At All,A Little Bit,Moderately,Quite A Bit,Extremely,NA,NA,NA,NA,NA
scl90_34,numeric,How bothered or distressed were you during the past month by ...... - Your feelings being easily hurt,NA,Not At All,A Little Bit,Moderately,Quite A Bit,Extremely,NA,NA,NA,NA,NA
scl90_35,numeric,How bothered or distressed were you during the past month by ...... - Other people being aware of your private thoughts,NA,Not At All,A Little Bit,Moderately,Quite A Bit,Extremely,NA,NA,NA,NA,NA
scl90_36,numeric,How bothered or distressed were you during the past month by ...... - Feeling others do not understand you or are unsympathetic,NA,Not At All,A Little Bit,Moderately,Quite A Bit,Extremely,NA,NA,NA,NA,NA
scl90_37,numeric,How bothered or distressed were you during the past month by ...... - Feeling that people are unfriendly or dislike you,NA,Not At All,A Little Bit,Moderately,Quite A Bit,Extremely,NA,NA,NA,NA,NA
scl90_38,numeric,How bothered or distressed were you during the past month by ...... - Having to do things very slowly to insure correctness,NA,Not At All,A Little Bit,Moderately,Quite A Bit,Extremely,NA,NA,NA,NA,NA
scl90_39,numeric,How bothered or distressed were you during the past month by ...... - Heart pounding or racing,NA,Not At All,A Little Bit,Moderately,Quite A Bit,Extremely,NA,NA,NA,NA,NA
scl90_40,numeric,How bothered or distressed were you during the past month by ...... - Nausea or upset stomach,NA,Not At All,A Little Bit,Moderately,Quite A Bit,Extremely,NA,NA,NA,NA,NA
scl90_41,numeric,How bothered or distressed were you during the past month by ...... - Feeling inferior to others,NA,Not At All,A Little Bit,Moderately,Quite A Bit,Extremely,NA,NA,NA,NA,NA
scl90_42,numeric,How bothered or distressed were you during the past month by ...... - Soreness of your muscles,NA,Not At All,A Little Bit,Moderately,Quite A Bit,Extremely,NA,NA,NA,NA,NA
scl90_43,numeric,How bothered or distressed were you during the past month by ...... - Feeling that you are watched or talked about by others,NA,Not At All,A Little Bit,Moderately,Quite A Bit,Extremely,NA,NA,NA,NA,NA
scl90_44,numeric,How bothered or distressed were you during the past month by ...... - Trouble falling asleep,NA,Not At All,A Little Bit,Moderately,Quite A Bit,Extremely,NA,NA,NA,NA,NA
scl90_45,numeric,How bothered or distressed were you during the past month by ...... - Having to check and double-check what you do,NA,Not At All,A Little Bit,Moderately,Quite A Bit,Extremely,NA,NA,NA,NA,NA
scl90_46,numeric,How bothered or distressed were you during the past month by ...... - Difficulty making decisions,NA,Not At All,A Little Bit,Moderately,Quite A Bit,Extremely,NA,NA,NA,NA,NA
scl90_47,numeric,"How bothered or distressed were you during the past month by ...... - Feeling afraid to travel on buses, subways, trains",NA,Not At All,A Little Bit,Moderately,Quite A Bit,Extremely,NA,NA,NA,NA,NA
scl90_48,numeric,How bothered or distressed were you during the past month by ...... - Trouble getting your breath,NA,Not At All,A Little Bit,Moderately,Quite A Bit,Extremely,NA,NA,NA,NA,NA
scl90_49,numeric,How bothered or distressed were you during the past month by ...... - Hot or cold spells,NA,Not At All,A Little Bit,Moderately,Quite A Bit,Extremely,NA,NA,NA,NA,NA
scl90_50,numeric,"How bothered or distressed were you during the past month by ...... - Having to avoid certain things, places, or activities because they frighten you",NA,Not At All,A Little Bit,Moderately,Quite A Bit,Extremely,NA,NA,NA,NA,NA
scl90_51,numeric,How bothered or distressed were you during the past month by ...... - Your mind going blank,NA,Not At All,A Little Bit,Moderately,Quite A Bit,Extremely,NA,NA,NA,NA,NA
scl90_52,numeric,How bothered or distressed were you during the past month by ...... - Numbness or tingling in parts of your body,NA,Not At All,A Little Bit,Moderately,Quite A Bit,Extremely,NA,NA,NA,NA,NA
scl90_53,numeric,How bothered or distressed were you during the past month by ...... - A lump in your throat,NA,Not At All,A Little Bit,Moderately,Quite A Bit,Extremely,NA,NA,NA,NA,NA
scl90_54,numeric,How bothered or distressed were you during the past month by ...... - Feeling hopeless about the future,NA,Not At All,A Little Bit,Moderately,Quite A Bit,Extremely,NA,NA,NA,NA,NA
scl90_55,numeric,How bothered or distressed were you during the past month by ...... - Trouble concentrating,NA,Not At All,A Little Bit,Moderately,Quite A Bit,Extremely,NA,NA,NA,NA,NA
scl90_56,numeric,How bothered or distressed were you during the past month by ...... - Feeling weak in parts of your body,NA,Not At All,A Little Bit,Moderately,Quite A Bit,Extremely,NA,NA,NA,NA,NA
scl90_57,numeric,How bothered or distressed were you during the past month by ...... - Feeling tense or keyed up,NA,Not At All,A Little Bit,Moderately,Quite A Bit,Extremely,NA,NA,NA,NA,NA
scl90_58,numeric,How bothered or distressed were you during the past month by ...... - Heavy feelings in your arms or legs,NA,Not At All,A Little Bit,Moderately,Quite A Bit,Extremely,NA,NA,NA,NA,NA
scl90_59,numeric,How bothered or distressed were you during the past month by ...... - Thoughts of death or dying,NA,Not At All,A Little Bit,Moderately,Quite A Bit,Extremely,NA,NA,NA,NA,NA
scl90_60,numeric,How bothered or distressed were you during the past month by ...... - Overeating,NA,Not At All,A Little Bit,Moderately,Quite A Bit,Extremely,NA,NA,NA,NA,NA
scl90_61,numeric,How bothered or distressed were you during the past month by ...... - Feeling uneasy when people are watching or talking about you,NA,Not At All,A Little Bit,Moderately,Quite A Bit,Extremely,NA,NA,NA,NA,NA
scl90_62,numeric,How bothered or distressed were you during the past month by ...... - Having thoughts that are not your own,NA,Not At All,A Little Bit,Moderately,Quite A Bit,Extremely,NA,NA,NA,NA,NA
scl90_63,numeric,"How bothered or distressed were you during the past month by ...... - Having urges to beat, injure, or harm someone",NA,Not At All,A Little Bit,Moderately,Quite A Bit,Extremely,NA,NA,NA,NA,NA
scl90_64,numeric,How bothered or distressed were you during the past month by ...... - Awakening in the early morning,NA,Not At All,A Little Bit,Moderately,Quite A Bit,Extremely,NA,NA,NA,NA,NA
scl90_65,numeric,"How bothered or distressed were you during the past month by ...... - Having to repeat the same actions such as touching, counting, washing",NA,Not At All,A Little Bit,Moderately,Quite A Bit,Extremely,NA,NA,NA,NA,NA
scl90_66,numeric,How bothered or distressed were you during the past month by ...... - Sleep that is restless or disturbed,NA,Not At All,A Little Bit,Moderately,Quite A Bit,Extremely,NA,NA,NA,NA,NA
scl90_67,numeric,How bothered or distressed were you during the past month by ...... - Having urges to break or smash things,NA,Not At All,A Little Bit,Moderately,Quite A Bit,Extremely,NA,NA,NA,NA,NA
scl90_68,numeric,How bothered or distressed were you during the past month by ...... - Having ideas or beliefs that others do not share,NA,Not At All,A Little Bit,Moderately,Quite A Bit,Extremely,NA,NA,NA,NA,NA
scl90_69,numeric,How bothered or distressed were you during the past month by ...... - Feeling very self-conscious with others,NA,Not At All,A Little Bit,Moderately,Quite A Bit,Extremely,NA,NA,NA,NA,NA
scl90_70,numeric,"How bothered or distressed were you during the past month by ...... - Feeling uneasy in crowds, such as shopping or at a movie",NA,Not At All,A Little Bit,Moderately,Quite A Bit,Extremely,NA,NA,NA,NA,NA
scl90_71,numeric,How bothered or distressed were you during the past month by ...... - Feeling everything is an effort,NA,Not At All,A Little Bit,Moderately,Quite A Bit,Extremely,NA,NA,NA,NA,NA
scl90_72,numeric,How bothered or distressed were you during the past month by ...... - Spells of terror or panic,NA,Not At All,A Little Bit,Moderately,Quite A Bit,Extremely,NA,NA,NA,NA,NA
scl90_73,numeric,How bothered or distressed were you during the past month by ...... - Feeling uncomfortable about eating or drinking in public,NA,Not At All,A Little Bit,Moderately,Quite A Bit,Extremely,NA,NA,NA,NA,NA
scl90_74,numeric,How bothered or distressed were you during the past month by ...... - Getting into frequent arguments,NA,Not At All,A Little Bit,Moderately,Quite A Bit,Extremely,NA,NA,NA,NA,NA
scl90_75,numeric,How bothered or distressed were you during the past month by ...... - Feeling nervous when you are left alone,NA,Not At All,A Little Bit,Moderately,Quite A Bit,Extremely,NA,NA,NA,NA,NA
scl90_76,numeric,How bothered or distressed were you during the past month by ...... - Others not giving you proper credit for your achievements,NA,Not At All,A Little Bit,Moderately,Quite A Bit,Extremely,NA,NA,NA,NA,NA
scl90_77,numeric,How bothered or distressed were you during the past month by ...... - Feeling lonely even when you are with people,NA,Not At All,A Little Bit,Moderately,Quite A Bit,Extremely,NA,NA,NA,NA,NA
scl90_78,numeric,How bothered or distressed were you during the past month by ...... - Feeling so restless you couldn't sit still,NA,Not At All,A Little Bit,Moderately,Quite A Bit,Extremely,NA,NA,NA,NA,NA
scl90_79,numeric,How bothered or distressed were you during the past month by ...... - Feelings of worthlessness,NA,Not At All,A Little Bit,Moderately,Quite A Bit,Extremely,NA,NA,NA,NA,NA
scl90_80,numeric,How bothered or distressed were you during the past month by ...... - Feeling that familiar things are strange or unreal,NA,Not At All,A Little Bit,Moderately,Quite A Bit,Extremely,NA,NA,NA,NA,NA
scl90_81,numeric,How bothered or distressed were you during the past month by ...... - Shouting or throwing things,NA,Not At All,A Little Bit,Moderately,Quite A Bit,Extremely,NA,NA,NA,NA,NA
scl90_82,numeric,How bothered or distressed were you during the past month by ...... - Feeling afraid you will faint in public,NA,Not At All,A Little Bit,Moderately,Quite A Bit,Extremely,NA,NA,NA,NA,NA
scl90_83,numeric,How bothered or distressed were you during the past month by ...... - Feeling that people will take advantage of you if you let them,NA,Not At All,A Little Bit,Moderately,Quite A Bit,Extremely,NA,NA,NA,NA,NA
scl90_84,numeric,How bothered or distressed were you during the past month by ...... - Having thoughts about sex that bother you a lot,NA,Not At All,A Little Bit,Moderately,Quite A Bit,Extremely,NA,NA,NA,NA,NA
scl90_85,numeric,How bothered or distressed were you during the past month by ...... - The idea that you should be punished for your sins,NA,Not At All,A Little Bit,Moderately,Quite A Bit,Extremely,NA,NA,NA,NA,NA
scl90_86,numeric,How bothered or distressed were you during the past month by ...... - Feeling pushed to get things done,NA,Not At All,A Little Bit,Moderately,Quite A Bit,Extremely,NA,NA,NA,NA,NA
scl90_87,numeric,How bothered or distressed were you during the past month by ...... - The idea that something serious is wrong with your body,NA,Not At All,A Little Bit,Moderately,Quite A Bit,Extremely,NA,NA,NA,NA,NA
scl90_88,numeric,How bothered or distressed were you during the past month by ...... - Never feeling close to another person,NA,Not At All,A Little Bit,Moderately,Quite A Bit,Extremely,NA,NA,NA,NA,NA
scl90_89,numeric,How bothered or distressed were you during the past month by ...... - Feelings of guilt,NA,Not At All,A Little Bit,Moderately,Quite A Bit,Extremely,NA,NA,NA,NA,NA
scl90_90,numeric,How bothered or distressed were you during the past month by ...... - The idea that something is wrong with your mind,NA,Not At All,A Little Bit,Moderately,Quite A Bit,Extremely,NA,NA,NA,NA,NA
ius_1,numeric,Uncertainty stops me from having a firm opinion.,NA,Very untrue of me,Somewhat untrue of me,Neutral,Somewhat true of me,Very true of me,NA,NA,NA,NA,NA
ius_2,numeric,Being uncertain means that a person is disorganized.,NA,Very untrue of me,Somewhat untrue of me,Neutral,Somewhat true of me,Very true of me,NA,NA,NA,NA,NA
ius_3,numeric,Uncertainty makes life intolerable.,NA,Very untrue of me,Somewhat untrue of me,Neutral,Somewhat true of me,Very true of me,NA,NA,NA,NA,NA
ius_4,numeric,It's unfair not having any guarantees in life.,NA,Very untrue of me,Somewhat untrue of me,Neutral,Somewhat true of me,Very true of me,NA,NA,NA,NA,NA
ius_5,numeric,My mind can't be relaxed if I don't know what will happen tomorrow.,NA,Very untrue of me,Somewhat untrue of me,Neutral,Somewhat true of me,Very true of me,NA,NA,NA,NA,NA
ius_6,numeric,"Uncertainty makes me uneasy, anxious, or stressed.",NA,Very untrue of me,Somewhat untrue of me,Neutral,Somewhat true of me,Very true of me,NA,NA,NA,NA,NA
ius_7,numeric,Unforeseen events upset me greatly.,NA,Very untrue of me,Somewhat untrue of me,Neutral,Somewhat true of me,Very true of me,NA,NA,NA,NA,NA
ius_8,numeric,It frustrates me not having all the information I need.,NA,Very untrue of me,Somewhat untrue of me,Neutral,Somewhat true of me,Very true of me,NA,NA,NA,NA,NA
ius_9,numeric,Uncertainty keeps me from living a full life.,NA,Very untrue of me,Somewhat untrue of me,Neutral,Somewhat true of me,Very true of me,NA,NA,NA,NA,NA
ius_10,numeric,One should always look ahead so as to avoid surprises.,NA,Very untrue of me,Somewhat untrue of me,Neutral,Somewhat true of me,Very true of me,NA,NA,NA,NA,NA
ius_11,numeric,"A small unforeseen event can spoil everything, even with the best of planning.",NA,Very untrue of me,Somewhat untrue of me,Neutral,Somewhat true of me,Very true of me,NA,NA,NA,NA,NA
ius_12,numeric,When it's time to act uncertainty paralyses me.,NA,Very untrue of me,Somewhat untrue of me,Neutral,Somewhat true of me,Very true of me,NA,NA,NA,NA,NA
ius_13,numeric,Being uncertain means that I am not first rate.,NA,Very untrue of me,Somewhat untrue of me,Neutral,Somewhat true of me,Very true of me,NA,NA,NA,NA,NA
ius_14,numeric,"When I am uncertain, I can't go forward.",NA,Very untrue of me,Somewhat untrue of me,Neutral,Somewhat true of me,Very true of me,NA,NA,NA,NA,NA
ius_15,numeric,When I am uncertain I can't function very well.,NA,Very untrue of me,Somewhat untrue of me,Neutral,Somewhat true of me,Very true of me,NA,NA,NA,NA,NA
ius_16,numeric,"Unlike me, others always seem to know where they are going with their lives.",NA,Very untrue of me,Somewhat untrue of me,Neutral,Somewhat true of me,Very true of me,NA,NA,NA,NA,NA
ius_17,numeric,"Uncertainty makes me vulnerable, unhappy, or sad.",NA,Very untrue of me,Somewhat untrue of me,Neutral,Somewhat true of me,Very true of me,NA,NA,NA,NA,NA
ius_18,numeric,I always want to know what the future has in store for me.,NA,Very untrue of me,Somewhat untrue of me,Neutral,Somewhat true of me,Very true of me,NA,NA,NA,NA,NA
ius_19,numeric,I can't stand being taken by surprise.,NA,Very untrue of me,Somewhat untrue of me,Neutral,Somewhat true of me,Very true of me,NA,NA,NA,NA,NA
ius_20,numeric,The smallest doubt can stop me from acting.,NA,Very untrue of me,Somewhat untrue of me,Neutral,Somewhat true of me,Very true of me,NA,NA,NA,NA,NA
ius_21,numeric,I should be able to organize everything in advance.,NA,Very untrue of me,Somewhat untrue of me,Neutral,Somewhat true of me,Very true of me,NA,NA,NA,NA,NA
ius_22,numeric,Being uncertain means that I lack confidence.,NA,Very untrue of me,Somewhat untrue of me,Neutral,Somewhat true of me,Very true of me,NA,NA,NA,NA,NA
ius_23,numeric,I think it's unfair that other people seem sure about their future.,NA,Very untrue of me,Somewhat untrue of me,Neutral,Somewhat true of me,Very true of me,NA,NA,NA,NA,NA
ius_24,numeric,Uncertainty keeps me from sleeping soundly.,NA,Very untrue of me,Somewhat untrue of me,Neutral,Somewhat true of me,Very true of me,NA,NA,NA,NA,NA
ius_25,numeric,I must get away from all uncertain situations.,NA,Very untrue of me,Somewhat untrue of me,Neutral,Somewhat true of me,Very true of me,NA,NA,NA,NA,NA
ius_26,numeric,The ambiguities in life stress me.,NA,Very untrue of me,Somewhat untrue of me,Neutral,Somewhat true of me,Very true of me,NA,NA,NA,NA,NA
ius_27,numeric,I can't stand being undecided about my future.,NA,Very untrue of me,Somewhat untrue of me,Neutral,Somewhat true of me,Very true of me,NA,NA,NA,NA,NA
asi3_1,numeric,It is important not to appear nervous.,NA,Very untrue of me,Somewhat untrue of me,Neutral,Somewhat true of me,Very true of me,NA,NA,NA,NA,NA
asi3_2,numeric,"When I cannot keep my mind on a task, I worry that I might be going crazy.",NA,Very untrue of me,Somewhat untrue of me,Neutral,Somewhat true of me,Very true of me,NA,NA,NA,NA,NA
asi3_3,numeric,It scares me when my heart beats rapidly.,NA,Very untrue of me,Somewhat untrue of me,Neutral,Somewhat true of me,Very true of me,NA,NA,NA,NA,NA
asi3_4,numeric,"When my stomach is upset, I worry that I might be seriously ill.",NA,Very untrue of me,Somewhat untrue of me,Neutral,Somewhat true of me,Very true of me,NA,NA,NA,NA,NA
asi3_5,numeric,It scares me when I am unable to keep my mind on a task.,NA,Very untrue of me,Somewhat untrue of me,Neutral,Somewhat true of me,Very true of me,NA,NA,NA,NA,NA
asi3_6,numeric,"When I tremble in the presence of others, I fear what people might think of me.",NA,Very untrue of me,Somewhat untrue of me,Neutral,Somewhat true of me,Very true of me,NA,NA,NA,NA,NA
asi3_7,numeric,"When my chest feels tight, I get scared that I won't be able to breathe properly.",NA,Very untrue of me,Somewhat untrue of me,Neutral,Somewhat true of me,Very true of me,NA,NA,NA,NA,NA
asi3_8,numeric,"When I feel pain in my chest, I worry that I'm going to have a heart attack.",NA,Very untrue of me,Somewhat untrue of me,Neutral,Somewhat true of me,Very true of me,NA,NA,NA,NA,NA
asi3_9,numeric,I worry that other people will notice my anxiety.,NA,Very untrue of me,Somewhat untrue of me,Neutral,Somewhat true of me,Very true of me,NA,NA,NA,NA,NA
asi3_10,numeric,"When I feel ""spacey"" or spaced out I worry that I may be mentally ill.",NA,Very untrue of me,Somewhat untrue of me,Neutral,Somewhat true of me,Very true of me,NA,NA,NA,NA,NA
asi3_11,numeric,It scares me when I blush in front of people.,NA,Very untrue of me,Somewhat untrue of me,Neutral,Somewhat true of me,Very true of me,NA,NA,NA,NA,NA
asi3_12,numeric,"When I notice my heart skipping a beat, I worry that there is something seriously wrong with me.",NA,Very untrue of me,Somewhat untrue of me,Neutral,Somewhat true of me,Very true of me,NA,NA,NA,NA,NA
asi3_13,numeric,"When I begin to sweat in a social situation, I fear people will think negatively of me.",NA,Very untrue of me,Somewhat untrue of me,Neutral,Somewhat true of me,Very true of me,NA,NA,NA,NA,NA
asi3_14,numeric,"When my thoughts seem to speed up, I worry that I might be going crazy.",NA,Very untrue of me,Somewhat untrue of me,Neutral,Somewhat true of me,Very true of me,NA,NA,NA,NA,NA
asi3_15,numeric,"When my throat feels tight, I worry that I could choke to death.",NA,Very untrue of me,Somewhat untrue of me,Neutral,Somewhat true of me,Very true of me,NA,NA,NA,NA,NA
asi3_16,numeric,"When I have trouble thinking clearly, I worry that there is something wrong with me.",NA,Very untrue of me,Somewhat untrue of me,Neutral,Somewhat true of me,Very true of me,NA,NA,NA,NA,NA
asi3_17,numeric,I think it would be horrible for me to faint in public.,NA,Very untrue of me,Somewhat untrue of me,Neutral,Somewhat true of me,Very true of me,NA,NA,NA,NA,NA
asi3_18,numeric,"When my mind goes blank, I worry there is something terribly wrong with me.",NA,Very untrue of me,Somewhat untrue of me,Neutral,Somewhat true of me,Very true of me,NA,NA,NA,NA,NA
dts_1,numeric,Feeling distressed or upset is unbearable to me.,NA,Very untrue of me,Somewhat untrue of me,Neutral,Somewhat true of me,Very true of me,NA,NA,NA,NA,NA
dts_2,numeric,"When I feel distressed or upset, all I can think about is how bad I feel.",NA,Very untrue of me,Somewhat untrue of me,Neutral,Somewhat true of me,Very true of me,NA,NA,NA,NA,NA
dts_3,numeric,I can't handle feeling distressed or upset.,NA,Very untrue of me,Somewhat untrue of me,Neutral,Somewhat true of me,Very true of me,NA,NA,NA,NA,NA
dts_4,numeric,My feelings of distress are so intense that they completely take over.,NA,Very untrue of me,Somewhat untrue of me,Neutral,Somewhat true of me,Very true of me,NA,NA,NA,NA,NA
dts_5,numeric,There's nothing worse than feeling distressed or upset.,NA,Very untrue of me,Somewhat untrue of me,Neutral,Somewhat true of me,Very true of me,NA,NA,NA,NA,NA
dts_6,numeric,I can tolerate being distressed or upset as well as most people.,NA,Very untrue of me,Somewhat untrue of me,Neutral,Somewhat true of me,Very true of me,NA,NA,NA,NA,NA
dts_7,numeric,My feelings of distress or being upset are not acceptable,NA,Very untrue of me,Somewhat untrue of me,Neutral,Somewhat true of me,Very true of me,NA,NA,NA,NA,NA
dts_8,numeric,I'll do anything to avoid feeling distressed or upset.,NA,Very untrue of me,Somewhat untrue of me,Neutral,Somewhat true of me,Very true of me,NA,NA,NA,NA,NA
dts_9,numeric,Other people seem to be able to tolerate feeling distressed or upset better than I can.,NA,Very untrue of me,Somewhat untrue of me,Neutral,Somewhat true of me,Very true of me,NA,NA,NA,NA,NA
dts_10,numeric,Being distressed or upset is always a major ordeal for me.,NA,Very untrue of me,Somewhat untrue of me,Neutral,Somewhat true of me,Very true of me,NA,NA,NA,NA,NA
dts_11,numeric,I am ashamed of myself when I feel distressed or    upset.,NA,Very untrue of me,Somewhat untrue of me,Neutral,Somewhat true of me,Very true of me,NA,NA,NA,NA,NA
dts_12,numeric,My feelings of distress or being upset scare me.,NA,Very untrue of me,Somewhat untrue of me,Neutral,Somewhat true of me,Very true of me,NA,NA,NA,NA,NA
dts_13,numeric,I'll do anything to stop feeling distressed or upset.,NA,Very untrue of me,Somewhat untrue of me,Neutral,Somewhat true of me,Very true of me,NA,NA,NA,NA,NA
dts_14,numeric,"When I feel distressed or upset, I must do something about   it immediately.",NA,Very untrue of me,Somewhat untrue of me,Neutral,Somewhat true of me,Very true of me,NA,NA,NA,NA,NA
dts_15,numeric,"When I feel distressed or upset, I cannot help but concentrate on how bad the distress actually feels.",NA,Very untrue of me,Somewhat untrue of me,Neutral,Somewhat true of me,Very true of me,NA,NA,NA,NA,NA
fad_1,numeric,Planning family activities is difficult because we misunderstand each other.,NA,Strongly Disagree,Disagree,Agree,Strongly Agree,NA,NA,NA,NA,NA,NA
fad_2,numeric,We resolve most everyday problems around the house.,NA,Strongly Disagree,Disagree,Agree,Strongly Agree,NA,NA,NA,NA,NA,NA
fad_3,numeric,When someone is upset the others know why.,NA,Strongly Disagree,Disagree,Agree,Strongly Agree,NA,NA,NA,NA,NA,NA
fad_4,numeric,"When you ask someone to do something, you have to check that they did it.",NA,Strongly Disagree,Disagree,Agree,Strongly Agree,NA,NA,NA,NA,NA,NA
fad_5,numeric,"When someone is in trouble, the others become too involved.",NA,Strongly Disagree,Disagree,Agree,Strongly Agree,NA,NA,NA,NA,NA,NA
fad_6,numeric,In time of crisis we can turn to each other for support.,NA,Strongly Disagree,Disagree,Agree,Strongly Agree,NA,NA,NA,NA,NA,NA
fad_7,numeric,We don't know what to do when an emergency comes up.,NA,Strongly Disagree,Disagree,Agree,Strongly Agree,NA,NA,NA,NA,NA,NA
fad_8,numeric,We sometimes run out of things that we need.,NA,Strongly Disagree,Disagree,Agree,Strongly Agree,NA,NA,NA,NA,NA,NA
fad_9,numeric,We are reluctant to show affection for each other.,NA,Strongly Disagree,Disagree,Agree,Strongly Agree,NA,NA,NA,NA,NA,NA
fad_10,numeric,We make sure members meet their family responsibilities.,NA,Strongly Disagree,Disagree,Agree,Strongly Agree,NA,NA,NA,NA,NA,NA
fad_11,numeric,We cannot talk to each other about the sadness we feel.,NA,Strongly Disagree,Disagree,Agree,Strongly Agree,NA,NA,NA,NA,NA,NA
fad_12,numeric,We usually act on our decisions regarding problems.,NA,Strongly Disagree,Disagree,Agree,Strongly Agree,NA,NA,NA,NA,NA,NA
fad_13,numeric,You only get the interest of others when something is important to them.,NA,Strongly Disagree,Disagree,Agree,Strongly Agree,NA,NA,NA,NA,NA,NA
fad_14,numeric,You can't tell how a person is feeling from what they are saying.,NA,Strongly Disagree,Disagree,Agree,Strongly Agree,NA,NA,NA,NA,NA,NA
fad_15,numeric,Family tasks don't get spread around enough.,NA,Strongly Disagree,Disagree,Agree,Strongly Agree,NA,NA,NA,NA,NA,NA
fad_16,numeric,Individuals are accepted for what they are.,NA,Strongly Disagree,Disagree,Agree,Strongly Agree,NA,NA,NA,NA,NA,NA
fad_17,numeric,You can easily get away with breaking the rules.,NA,Strongly Disagree,Disagree,Agree,Strongly Agree,NA,NA,NA,NA,NA,NA
fad_18,numeric,People come right out and say things instead of hinting at them.,NA,Strongly Disagree,Disagree,Agree,Strongly Agree,NA,NA,NA,NA,NA,NA
fad_19,numeric,Some of us just don't respond emotionally.,NA,Strongly Disagree,Disagree,Agree,Strongly Agree,NA,NA,NA,NA,NA,NA
fad_20,numeric,We know what to do in an emergency.,NA,Strongly Disagree,Disagree,Agree,Strongly Agree,NA,NA,NA,NA,NA,NA
fad_21,numeric,We avoid discussing our fears and concerns.,NA,Strongly Disagree,Disagree,Agree,Strongly Agree,NA,NA,NA,NA,NA,NA
fad_22,numeric,It is difficult to talk to each other about tender feelings.,NA,Strongly Disagree,Disagree,Agree,Strongly Agree,NA,NA,NA,NA,NA,NA
fad_23,numeric,We have trouble meeting our bills.,NA,Strongly Disagree,Disagree,Agree,Strongly Agree,NA,NA,NA,NA,NA,NA
fad_24,numeric,"After our family tries to solve a problem, we usually discuss whether it worked or not.",NA,Strongly Disagree,Disagree,Agree,Strongly Agree,NA,NA,NA,NA,NA,NA
fad_25,numeric,We are too self-centered.,NA,Strongly Disagree,Disagree,Agree,Strongly Agree,NA,NA,NA,NA,NA,NA
fad_26,numeric,We can express feelings to each other.,NA,Strongly Disagree,Disagree,Agree,Strongly Agree,NA,NA,NA,NA,NA,NA
fad_27,numeric,We have no clear expectations about toilet habits.,NA,Strongly Disagree,Disagree,Agree,Strongly Agree,NA,NA,NA,NA,NA,NA
fad_28,numeric,We do not show our love to each other.,NA,Strongly Disagree,Disagree,Agree,Strongly Agree,NA,NA,NA,NA,NA,NA
fad_29,numeric,We talk to people directly rather than through go-betweens.,NA,Strongly Disagree,Disagree,Agree,Strongly Agree,NA,NA,NA,NA,NA,NA
fad_30,numeric,Each of us has particular duties and responsibilities.,NA,Strongly Disagree,Disagree,Agree,Strongly Agree,NA,NA,NA,NA,NA,NA
fad_31,numeric,There are lots of bad feelings in the family.,NA,Strongly Disagree,Disagree,Agree,Strongly Agree,NA,NA,NA,NA,NA,NA
fad_32,numeric,We have rules about hitting people.,NA,Strongly Disagree,Disagree,Agree,Strongly Agree,NA,NA,NA,NA,NA,NA
fad_33,numeric,We get involved with each other only when something interests us.,NA,Strongly Disagree,Disagree,Agree,Strongly Agree,NA,NA,NA,NA,NA,NA
fad_34,numeric,There's little time to explore personal interests.,NA,Strongly Disagree,Disagree,Agree,Strongly Agree,NA,NA,NA,NA,NA,NA
fad_35,numeric,We often don't say what we mean.,NA,Strongly Disagree,Disagree,Agree,Strongly Agree,NA,NA,NA,NA,NA,NA
fad_36,numeric,We feel accepted for what we are.,NA,Strongly Disagree,Disagree,Agree,Strongly Agree,NA,NA,NA,NA,NA,NA
fad_37,numeric,We show interest in each other when we can get something out of it personally.,NA,Strongly Disagree,Disagree,Agree,Strongly Agree,NA,NA,NA,NA,NA,NA
fad_38,numeric,We resolve most emotional upsets that come up.,NA,Strongly Disagree,Disagree,Agree,Strongly Agree,NA,NA,NA,NA,NA,NA
fad_39,numeric,Tenderness takes second place to other things in our family.,NA,Strongly Disagree,Disagree,Agree,Strongly Agree,NA,NA,NA,NA,NA,NA
fad_40,numeric,We discuss who is to do household jobs.,NA,Strongly Disagree,Disagree,Agree,Strongly Agree,NA,NA,NA,NA,NA,NA
fad_41,numeric,Making decisions is a problem for our family.,NA,Strongly Disagree,Disagree,Agree,Strongly Agree,NA,NA,NA,NA,NA,NA
fad_42,numeric,Our family shows interest in each other only when they can get something out of it.,NA,Strongly Disagree,Disagree,Agree,Strongly Agree,NA,NA,NA,NA,NA,NA
fad_43,numeric,We are frank with each other.,NA,Strongly Disagree,Disagree,Agree,Strongly Agree,NA,NA,NA,NA,NA,NA
fad_44,numeric,We don't hold to any rules or standards.,NA,Strongly Disagree,Disagree,Agree,Strongly Agree,NA,NA,NA,NA,NA,NA
fad_45,numeric,"If people are asked to do something, they need reminding.",NA,Strongly Disagree,Disagree,Agree,Strongly Agree,NA,NA,NA,NA,NA,NA
fad_46,numeric,We are able to make decisions about how to solve problems.,NA,Strongly Disagree,Disagree,Agree,Strongly Agree,NA,NA,NA,NA,NA,NA
fad_47,numeric,"If the rules are broken, we don't know what to expect.",NA,Strongly Disagree,Disagree,Agree,Strongly Agree,NA,NA,NA,NA,NA,NA
fad_48,numeric,Anything goes in our family.,NA,Strongly Disagree,Disagree,Agree,Strongly Agree,NA,NA,NA,NA,NA,NA
fad_49,numeric,We express tenderness.,NA,Strongly Disagree,Disagree,Agree,Strongly Agree,NA,NA,NA,NA,NA,NA
fad_50,numeric,We confront problems involving feelings.,NA,Strongly Disagree,Disagree,Agree,Strongly Agree,NA,NA,NA,NA,NA,NA
fad_51,numeric,We don't get along well together.,NA,Strongly Disagree,Disagree,Agree,Strongly Agree,NA,NA,NA,NA,NA,NA
fad_52,numeric,We don't talk to each other when we are angry.,NA,Strongly Disagree,Disagree,Agree,Strongly Agree,NA,NA,NA,NA,NA,NA
fad_53,numeric,We are generally dissatisfied with the family duties assigned to us.,NA,Strongly Disagree,Disagree,Agree,Strongly Agree,NA,NA,NA,NA,NA,NA
fad_54,numeric,"Even though we mean well, we intrude too much into each others lives.",NA,Strongly Disagree,Disagree,Agree,Strongly Agree,NA,NA,NA,NA,NA,NA
fad_55,numeric,There are rules about dangerous situations.,NA,Strongly Disagree,Disagree,Agree,Strongly Agree,NA,NA,NA,NA,NA,NA
fad_56,numeric,We confide in each other.,NA,Strongly Disagree,Disagree,Agree,Strongly Agree,NA,NA,NA,NA,NA,NA
fad_57,numeric,We cry openly.,NA,Strongly Disagree,Disagree,Agree,Strongly Agree,NA,NA,NA,NA,NA,NA
fad_58,numeric,We don't have reasonable transport.,NA,Strongly Disagree,Disagree,Agree,Strongly Agree,NA,NA,NA,NA,NA,NA
fad_59,numeric,"When we don't like what someone has done, we tell them.",NA,Strongly Disagree,Disagree,Agree,Strongly Agree,NA,NA,NA,NA,NA,NA
fad_60,numeric,We try to think of different ways to solve problems.,NA,Strongly Disagree,Disagree,Agree,Strongly Agree,NA,NA,NA,NA,NA,NA
mps_1,numeric,It is easy for me to become enthusiastic about things I am doing.,NA,FALSE,TRUE,NA,NA,NA,NA,NA,NA,NA,NA
mps_2,numeric,I am quite effective at talking people into things.,NA,FALSE,TRUE,NA,NA,NA,NA,NA,NA,NA,NA
mps_3,numeric,Some people say that I put my work ahead of too many other things.,NA,FALSE,TRUE,NA,NA,NA,NA,NA,NA,NA,NA
mps_4,numeric,I have occasionally felt discouraged about something.,NA,FALSE,TRUE,NA,NA,NA,NA,NA,NA,NA,NA
mps_5,numeric,I usually like to spend my free time with friends rather than alone.,NA,FALSE,TRUE,NA,NA,NA,NA,NA,NA,NA,NA
mps_6,numeric,Often I get irritated at little annoyances.,NA,FALSE,TRUE,NA,NA,NA,NA,NA,NA,NA,NA
mps_7,numeric,Many people try to push me around.,NA,FALSE,TRUE,NA,NA,NA,NA,NA,NA,NA,NA
mps_8,numeric,Often when I get angry I am ready to hit someone.,NA,FALSE,TRUE,NA,NA,NA,NA,NA,NA,NA,NA
mps_9,numeric,I like to stop and think things over before I do them.,NA,FALSE,TRUE,NA,NA,NA,NA,NA,NA,NA,NA
mps_10,numeric,I am often nervous for no reason.,NA,FALSE,TRUE,NA,NA,NA,NA,NA,NA,NA,NA
mps_11,numeric,I might enjoy riding in an open elevator to the top of a tall building under construction.,NA,FALSE,TRUE,NA,NA,NA,NA,NA,NA,NA,NA
mps_12,numeric,I don't like to see religious authority overturned by so-called progress and logical reasoning.,NA,FALSE,TRUE,NA,NA,NA,NA,NA,NA,NA,NA
mps_13,numeric,I can be deeply moved by a sunset.,NA,FALSE,TRUE,NA,NA,NA,NA,NA,NA,NA,NA
mps_14,numeric,My table manners are not always perfect.,NA,FALSE,TRUE,NA,NA,NA,NA,NA,NA,NA,NA
mps_15,numeric,I enjoy being in the spotlight.,NA,FALSE,TRUE,NA,NA,NA,NA,NA,NA,NA,NA
mps_16,numeric,I set very high standards for myself in my work.,NA,FALSE,TRUE,NA,NA,NA,NA,NA,NA,NA,NA
mps_17,numeric,"When I am unhappy about something,",NA,I tend to seek the company of a friend. ,I prefer to be alone. ,NA,NA,NA,NA,NA,NA,NA,NA
mps_18,numeric,My mood often goes up and down.,NA,FALSE,TRUE,NA,NA,NA,NA,NA,NA,NA,NA
mps_19,numeric,I know that certain people would enjoy if I got hurt.,NA,FALSE,TRUE,NA,NA,NA,NA,NA,NA,NA,NA
mps_20,numeric,"When someone hurts me, I try to get even.",NA,FALSE,TRUE,NA,NA,NA,NA,NA,NA,NA,NA
mps_21,numeric,I am more likely to be fast and careless than to be slow and plodding.,NA,FALSE,TRUE,NA,NA,NA,NA,NA,NA,NA,NA
mps_22,numeric,It might be fun and exciting to be in an earthquake.,NA,FALSE,TRUE,NA,NA,NA,NA,NA,NA,NA,NA
mps_23,numeric,Strict discipline in the home would prevent much of the crime in our society.,NA,FALSE,TRUE,NA,NA,NA,NA,NA,NA,NA,NA
mps_24,numeric,"When listening to organ music or other powerful music, I sometimes feel as if I am being lifted into the air.",NA,FALSE,TRUE,NA,NA,NA,NA,NA,NA,NA,NA
mps_25,numeric,I have always been extremely courageous in facing difficult situations.,NA,FALSE,TRUE,NA,NA,NA,NA,NA,NA,NA,NA
mps_26,numeric,I often feel happy and satisfied for no particular reason.,NA,FALSE,TRUE,NA,NA,NA,NA,NA,NA,NA,NA
mps_27,numeric,I often keep working on a problem even if I am very tired.,NA,FALSE,TRUE,NA,NA,NA,NA,NA,NA,NA,NA
mps_28,numeric,I am usually happier when I am alone.,NA,FALSE,TRUE,NA,NA,NA,NA,NA,NA,NA,NA
mps_29,numeric,I suffer from nervousness.,NA,FALSE,TRUE,NA,NA,NA,NA,NA,NA,NA,NA
mps_30,numeric,People often try to take advantage of me.,NA,FALSE,TRUE,NA,NA,NA,NA,NA,NA,NA,NA
mps_31,numeric,I admit that I sometimes enjoy hurting someone physically.,NA,FALSE,TRUE,NA,NA,NA,NA,NA,NA,NA,NA
mps_32,numeric,Basically I am a happy person.,NA,FALSE,TRUE,NA,NA,NA,NA,NA,NA,NA,NA
mps_33,numeric,"I often prefer to ""play things by ear"" rather than to plan ahead.",NA,FALSE,TRUE,NA,NA,NA,NA,NA,NA,NA,NA
mps_34,numeric,"Of these two situations, I would dislike more:",NA,Having a pilot announce that the plane has engine trouble and it may be necessary to make an emergency landing.,Working in the fields digging potatoes.,NA,NA,NA,NA,NA,NA,NA,NA
mps_35,numeric,The best way to achieve a peaceful world is to improve people's morals.,NA,FALSE,TRUE,NA,NA,NA,NA,NA,NA,NA,NA
mps_36,numeric,Sometimes thoughts and images come to me without any effort on my part.,NA,FALSE,TRUE,NA,NA,NA,NA,NA,NA,NA,NA
mps_37,numeric,At times I have been envious of someone.,NA,FALSE,TRUE,NA,NA,NA,NA,NA,NA,NA,NA
mps_38,numeric,I live a very interesting life.,NA,FALSE,TRUE,NA,NA,NA,NA,NA,NA,NA,NA
mps_39,numeric,People find me forceful.,NA,FALSE,TRUE,NA,NA,NA,NA,NA,NA,NA,NA
mps_40,numeric,I am a warm person rather than cool and distant.,NA,FALSE,TRUE,NA,NA,NA,NA,NA,NA,NA,NA
mps_41,numeric,I often find myself worrying about something.,NA,FALSE,TRUE,NA,NA,NA,NA,NA,NA,NA,NA
mps_42,numeric,People often say mean things about me.,NA,FALSE,TRUE,NA,NA,NA,NA,NA,NA,NA,NA
mps_43,numeric,I see nothing wrong with stepping on people's toes a little if it is to my advantage.,NA,FALSE,TRUE,NA,NA,NA,NA,NA,NA,NA,NA
mps_44,numeric,When faced with a decision I usually take time to consider and weigh all possibilities.,NA,FALSE,TRUE,NA,NA,NA,NA,NA,NA,NA,NA
mps_45,numeric,"I usually do not like to be a ""follower.""",NA,FALSE,TRUE,NA,NA,NA,NA,NA,NA,NA,NA
mps_46,numeric,I would enjoy trying to cross the ocean in a small but seaworthy sailboat.,NA,FALSE,TRUE,NA,NA,NA,NA,NA,NA,NA,NA
mps_47,numeric,I am opposed to more censorship of books and movies because it would go against free speech.,NA,FALSE,TRUE,NA,NA,NA,NA,NA,NA,NA,NA
mps_48,numeric,If I wish I can imagine (or daydream) some things so vividly that it's like watching a good movie or hearing a good story.,NA,FALSE,TRUE,NA,NA,NA,NA,NA,NA,NA,NA
mps_49,numeric,My opinions are always completely reasonable.,NA,FALSE,TRUE,NA,NA,NA,NA,NA,NA,NA,NA
mps_50,numeric,Every day I do some things that are fun.,NA,FALSE,TRUE,NA,NA,NA,NA,NA,NA,NA,NA
mps_51,numeric,When I work with others I like to take charge.,NA,FALSE,TRUE,NA,NA,NA,NA,NA,NA,NA,NA
mps_52,numeric,People say that I drive myself hard.,NA,FALSE,TRUE,NA,NA,NA,NA,NA,NA,NA,NA
mps_53,numeric,I am too sensitive for my own good.,NA,FALSE,TRUE,NA,NA,NA,NA,NA,NA,NA,NA
mps_54,numeric,"My ""friends"" have often betrayed me.",NA,FALSE,TRUE,NA,NA,NA,NA,NA,NA,NA,NA
mps_55,numeric,I enjoy a good brawl.,NA,FALSE,TRUE,NA,NA,NA,NA,NA,NA,NA,NA
mps_56,numeric,I am very level-headed and usually have both feet on the ground.,NA,FALSE,TRUE,NA,NA,NA,NA,NA,NA,NA,NA
mps_57,numeric,Of these two situations I would dislike more:,NA,Having to walk around all day on a blistered foot,Sleeping out on a camping trip in an area where there are rattlesnakes.,NA,NA,NA,NA,NA,NA,NA,NA
mps_58,numeric,It is a pretty unfeeling person who does not feel love and gratitude toward her/his parents.,NA,FALSE,TRUE,NA,NA,NA,NA,NA,NA,NA,NA
mps_59,numeric,Sometimes I can change noise into music by the way I listen to it.,NA,FALSE,TRUE,NA,NA,NA,NA,NA,NA,NA,NA
mps_60,numeric,If I have a humiliating experience I get over it very quickly.,NA,FALSE,TRUE,NA,NA,NA,NA,NA,NA,NA,NA
mps_61,numeric,I have at times eaten too much.,NA,FALSE,TRUE,NA,NA,NA,NA,NA,NA,NA,NA
mps_62,numeric,I usually find ways to liven up my day.,NA,FALSE,TRUE,NA,NA,NA,NA,NA,NA,NA,NA
mps_63,numeric,In most social situations I like to have someone else take the lead.,NA,FALSE,TRUE,NA,NA,NA,NA,NA,NA,NA,NA
mps_64,numeric,I am not a terribly ambitious person.,NA,FALSE,TRUE,NA,NA,NA,NA,NA,NA,NA,NA
mps_65,numeric,"I am more of a ""loner"" than most people.",NA,FALSE,TRUE,NA,NA,NA,NA,NA,NA,NA,NA
mps_66,numeric,I would be more successful if people did not make things difficult for me.,NA,FALSE,TRUE,NA,NA,NA,NA,NA,NA,NA,NA
mps_67,numeric,Sometimes I hit people who have done something to deserve it.,NA,FALSE,TRUE,NA,NA,NA,NA,NA,NA,NA,NA
mps_68,numeric,I almost never do anything reckless.,NA,FALSE,TRUE,NA,NA,NA,NA,NA,NA,NA,NA
mps_69,numeric,Of these two situations I would dislike more:,NA,Being out on a sailboat during a great storm at sea,Having to stay home every night for two weeks with a sick relative.,NA,NA,NA,NA,NA,NA,NA,NA
mps_70,numeric,I would prefer to see:,NA,Stricter observance of major religious holidays  ,"Greater acceptance of nontraditional families, like single-parent families",NA,NA,NA,NA,NA,NA,NA,NA
mps_71,numeric,Read the statement and decide which choice best de... - I can often somehow sense the presence of another person before I actually see or hear her/him,NA,FALSE,TRUE,NA,NA,NA,NA,NA,NA,NA,NA
mps_72,numeric,Read the statement and decide which choice best de... - I have always been completely fair to others.,NA,FALSE,TRUE,NA,NA,NA,NA,NA,NA,NA,NA
mps_73,numeric,Read the statement and decide which choice best de... - People rarely try to take advantage of me.,NA,FALSE,TRUE,NA,NA,NA,NA,NA,NA,NA,NA
mps_74,numeric,Read the statement and decide which choice best de... - Most mornings the day ahead looks bright to me.,NA,FALSE,TRUE,NA,NA,NA,NA,NA,NA,NA,NA
mps_75,numeric,Read the statement and decide which choice best de... - I am very good at influencing people.,NA,FALSE,TRUE,NA,NA,NA,NA,NA,NA,NA,NA
mps_76,numeric,Read the statement and decide which choice best de... - I enjoy putting in long hours.,NA,FALSE,TRUE,NA,NA,NA,NA,NA,NA,NA,NA
mps_77,numeric,Read the statement and decide which choice best de... - For me one of the best experiences is the warm feeling of being in a group of good friends.,NA,FALSE,TRUE,NA,NA,NA,NA,NA,NA,NA,NA
mps_78,numeric,Read the statement and decide which choice best de... - Occasionally I have strong feelings (like anxiety or anger) without really knowing why.,NA,FALSE,TRUE,NA,NA,NA,NA,NA,NA,NA,NA
mps_79,numeric,Read the statement and decide which choice best de... - I would rather turn the other cheek than get even when someone treats me badly.,NA,FALSE,TRUE,NA,NA,NA,NA,NA,NA,NA,NA
mps_80,numeric,Read the statement and decide which choice best de... - I often act on the spur of the moment.,NA,FALSE,TRUE,NA,NA,NA,NA,NA,NA,NA,NA
mps_81,numeric,"Of these two situations, I would dislike more:",NA,"Being at the circus when two lions suddenly get loose down in the ring, ",Bringing my whole family to the circus and then not being able to get in because a clerk sold me tickets for the wrong night. ,NA,NA,NA,NA,NA,NA,NA,NA
mps_82,numeric,Higher standards of conduct are what this country needs most.,NA,FALSE,TRUE,NA,NA,NA,NA,NA,NA,NA,NA
mps_83,numeric,The sound of a voice can be so fascinating to me that I can just go on listening to it.,NA,FALSE,TRUE,NA,NA,NA,NA,NA,NA,NA,NA
mps_84,numeric,I have at times been angry with someone.,NA,FALSE,TRUE,NA,NA,NA,NA,NA,NA,NA,NA
mps_85,numeric,Most days I have moments of real fun or joy.,NA,FALSE,TRUE,NA,NA,NA,NA,NA,NA,NA,NA
mps_86,numeric,I often act without thinking.,NA,FALSE,TRUE,NA,NA,NA,NA,NA,NA,NA,NA
mps_87,numeric,"When it is time to make decisions, others usually turn to me.",NA,FALSE,TRUE,NA,NA,NA,NA,NA,NA,NA,NA
mps_88,numeric,I often keep working on a problem long after others would have given up.,NA,FALSE,TRUE,NA,NA,NA,NA,NA,NA,NA,NA
mps_89,numeric,I prefer to work alone.,NA,FALSE,TRUE,NA,NA,NA,NA,NA,NA,NA,NA
mps_90,numeric,Minor setbacks sometimes irritate me too much.,NA,FALSE,TRUE,NA,NA,NA,NA,NA,NA,NA,NA
mps_91,numeric,People often just use me instead of treating me as a person.,NA,FALSE,TRUE,NA,NA,NA,NA,NA,NA,NA,NA
mps_92,numeric,I don't like to start a project until I know exactly how to do it.,NA,FALSE,TRUE,NA,NA,NA,NA,NA,NA,NA,NA
mps_93,numeric,Of these two situations I would dislike more:,NA,"Riding a long stretch of rapids in a canoe, ",Waiting for someone who's late. ,NA,NA,NA,NA,NA,NA,NA,NA
mps_94,numeric,I am disgusted by dirty language.,NA,FALSE,TRUE,NA,NA,NA,NA,NA,NA,NA,NA
mps_95,numeric,Some music reminds me of pictures or changing patterns of color.,NA,FALSE,TRUE,NA,NA,NA,NA,NA,NA,NA,NA
mps_96,numeric,I always tell the entire truth.,NA,FALSE,TRUE,NA,NA,NA,NA,NA,NA,NA,NA
mps_97,numeric,I often feel sort of lucky for no special reason.,NA,FALSE,TRUE,NA,NA,NA,NA,NA,NA,NA,NA
mps_98,numeric,I do not like to be the center of attention on social occasions.,NA,FALSE,TRUE,NA,NA,NA,NA,NA,NA,NA,NA
mps_99,numeric,I work just hard enough to get by without overdoing it.,NA,FALSE,TRUE,NA,NA,NA,NA,NA,NA,NA,NA
mps_100,numeric,I have few or no close friends.,NA,FALSE,TRUE,NA,NA,NA,NA,NA,NA,NA,NA
mps_101,numeric,I sometimes get very upset and tense as I think of the day's events.,NA,FALSE,TRUE,NA,NA,NA,NA,NA,NA,NA,NA
mps_102,numeric,Some people are against me for no good reason.,NA,FALSE,TRUE,NA,NA,NA,NA,NA,NA,NA,NA
mps_103,numeric,I can't help but enjoy it when someone I dislike makes a fool of herself/himself.,NA,FALSE,TRUE,NA,NA,NA,NA,NA,NA,NA,NA
mps_104,numeric,I seldom feel really happy,NA,FALSE,TRUE,NA,NA,NA,NA,NA,NA,NA,NA
mps_105,numeric,Of these two situations I would dislike more:,NA,"Being chosen as the ""target"" for a knife-throwing act,",Being sick to my stomach for 24 hours.  ,NA,NA,NA,NA,NA,NA,NA,NA
mps_106,numeric,No decent person could ever think of hurting a close friend or relative.,NA,FALSE,TRUE,NA,NA,NA,NA,NA,NA,NA,NA
mps_107,numeric,I can so completely wander off into my own thoughts while doing a routine task that I actually forget that I am doing the task and then find a few minutes later that I have finished it.,NA,FALSE,TRUE,NA,NA,NA,NA,NA,NA,NA,NA
mps_108,numeric,Sometimes I'm a bit lazy.,NA,FALSE,TRUE,NA,NA,NA,NA,NA,NA,NA,NA
mps_109,numeric,Every day interesting and exciting things happen to me.,NA,FALSE,TRUE,NA,NA,NA,NA,NA,NA,NA,NA
mps_110,numeric,I am quite good at convincing others to see things my way.,NA,FALSE,TRUE,NA,NA,NA,NA,NA,NA,NA,NA
mps_111,numeric,I push myself to my limits.,NA,FALSE,TRUE,NA,NA,NA,NA,NA,NA,NA,NA
mps_112,numeric,I am happiest when I am with people most of the time.,NA,FALSE,TRUE,NA,NA,NA,NA,NA,NA,NA,NA
mps_113,numeric,I am often troubled by guilt feelings.,NA,FALSE,TRUE,NA,NA,NA,NA,NA,NA,NA,NA
mps_114,numeric,I know that people have spread false rumors about me on purpose.,NA,FALSE,TRUE,NA,NA,NA,NA,NA,NA,NA,NA
mps_115,numeric,"I like to watch a good, vicious fight.",NA,FALSE,TRUE,NA,NA,NA,NA,NA,NA,NA,NA
mps_116,numeric,Before I get into a new situation I like to find out what to expect from it.,NA,FALSE,TRUE,NA,NA,NA,NA,NA,NA,NA,NA
mps_117,numeric,I perform for an audience whenever I can.,NA,FALSE,TRUE,NA,NA,NA,NA,NA,NA,NA,NA
mps_118,numeric,I am not at all sorry to see many of the traditional values change.,NA,FALSE,TRUE,NA,NA,NA,NA,NA,NA,NA,NA
mps_119,numeric,"I can sometimes recall certain past experiences in my life so clearly and vividly that it is like living them again, or almost so.",NA,FALSE,TRUE,NA,NA,NA,NA,NA,NA,NA,NA
mps_120,numeric,Never in my whole life have I taken advantage of anyone.,NA,FALSE,TRUE,NA,NA,NA,NA,NA,NA,NA,NA
mps_121,numeric,In my spare time I usually find something interesting to do.,NA,FALSE,TRUE,NA,NA,NA,NA,NA,NA,NA,NA
mps_122,numeric,In social situations I usually allow others to dominate the conversation.,NA,FALSE,TRUE,NA,NA,NA,NA,NA,NA,NA,NA
mps_123,numeric,I like to try difficult things.,NA,FALSE,TRUE,NA,NA,NA,NA,NA,NA,NA,NA
mps_124,numeric,"I prefer not to ""open up"" too much, not even to friends.",NA,FALSE,TRUE,NA,NA,NA,NA,NA,NA,NA,NA
mps_125,numeric,"My mood sometimes changes from happy to sad, or sad to happy, without good reason.",NA,FALSE,TRUE,NA,NA,NA,NA,NA,NA,NA,NA
mps_126,numeric,I have often been lied to.,NA,FALSE,TRUE,NA,NA,NA,NA,NA,NA,NA,NA
mps_127,numeric,Sometimes I just like to hit someone.,NA,FALSE,TRUE,NA,NA,NA,NA,NA,NA,NA,NA
mps_128,numeric,I am a cautious person.,NA,FALSE,TRUE,NA,NA,NA,NA,NA,NA,NA,NA
mps_129,numeric,Of these two situations I would dislike more:,NA,Being in a flood  ,Carrying a ton of bricks from the backyard into the basement ,NA,NA,NA,NA,NA,NA,NA,NA
mps_130,numeric,At times I somehow feel the presence of someone who is not physically there.,NA,FALSE,TRUE,NA,NA,NA,NA,NA,NA,NA,NA
mps_131,numeric,I have sometimes felt slightly hesitant about helping someone who asked me to.,NA,FALSE,TRUE,NA,NA,NA,NA,NA,NA,NA,NA
mps_132,numeric,My feelings are hurt rather easily.,NA,FALSE,TRUE,NA,NA,NA,NA,NA,NA,NA,NA
mps_133,numeric,For me life is a great adventure.,NA,FALSE,TRUE,NA,NA,NA,NA,NA,NA,NA,NA
mps_134,numeric,I do not like to organize other people's activities.,NA,FALSE,TRUE,NA,NA,NA,NA,NA,NA,NA,NA
mps_135,numeric,I find it really hard to give up on a project when it proves too difficult.,NA,FALSE,TRUE,NA,NA,NA,NA,NA,NA,NA,NA
mps_136,numeric,I often prefer not to have people around me.,NA,FALSE,TRUE,NA,NA,NA,NA,NA,NA,NA,NA
mps_137,numeric,I often lose sleep over my worries.,NA,FALSE,TRUE,NA,NA,NA,NA,NA,NA,NA,NA
mps_138,numeric,When people are friendly they usually want something from me.,NA,FALSE,TRUE,NA,NA,NA,NA,NA,NA,NA,NA
mps_139,numeric,"When people insult me, I try to get even.",NA,FALSE,TRUE,NA,NA,NA,NA,NA,NA,NA,NA
mps_140,numeric,I usually make up my mind through careful reasoning.,NA,FALSE,TRUE,NA,NA,NA,NA,NA,NA,NA,NA
mps_141,numeric,Of these two situations I would dislike more:,NA,Being seasick every day for a week while on an ocean voyage,Having to stand on the window ledge of the 25th floor of a hotel because there's a fire in my room  ,NA,NA,NA,NA,NA,NA,NA,NA
mps_142,numeric,People should obey moral laws more strictly than they do.,NA,FALSE,TRUE,NA,NA,NA,NA,NA,NA,NA,NA
mps_143,numeric,I have never felt that I was better than someone else.,NA,FALSE,TRUE,NA,NA,NA,NA,NA,NA,NA,NA
mps_144,numeric,I always seem to have something exciting to look forward to.,NA,FALSE,TRUE,NA,NA,NA,NA,NA,NA,NA,NA
mps_145,numeric,I don't enjoy trying to convince people of something.,NA,FALSE,TRUE,NA,NA,NA,NA,NA,NA,NA,NA
mps_146,numeric,I like hard work.,NA,FALSE,TRUE,NA,NA,NA,NA,NA,NA,NA,NA
mps_147,numeric,Never in my whole life have I wished for anything that I was not entitled to.,NA,FALSE,TRUE,NA,NA,NA,NA,NA,NA,NA,NA
mps_148,numeric,I am rather aloof and maintain distance between myself and others.,NA,FALSE,TRUE,NA,NA,NA,NA,NA,NA,NA,NA
mps_149,numeric,"There are days when I'm ""on edge"" all of the time.",NA,FALSE,TRUE,NA,NA,NA,NA,NA,NA,NA,NA
mps_150,numeric,I have had a lot of bad luck.,NA,FALSE,TRUE,NA,NA,NA,NA,NA,NA,NA,NA
mps_151,numeric,Sometimes I seem to enjoy hurting people by saying mean things.,NA,FALSE,TRUE,NA,NA,NA,NA,NA,NA,NA,NA
mps_152,numeric,I generally do not like to have detailed plans.,NA,FALSE,TRUE,NA,NA,NA,NA,NA,NA,NA,NA
mps_153,numeric,It might be fun learning to walk a tightrope.,NA,FALSE,TRUE,NA,NA,NA,NA,NA,NA,NA,NA
mps_154,numeric,High moral standards are the most important thing parents can teach their children.,NA,FALSE,TRUE,NA,NA,NA,NA,NA,NA,NA,NA
mps_155,numeric,Sometimes I am so immersed in nature or in art that I feel as if my whole state of consciousness has somehow been temporarily changed.,NA,FALSE,TRUE,NA,NA,NA,NA,NA,NA,NA,NA
scale_dem_age,numeric,age scale score,,NA,NA,NA,NA,NA,NA,NA,NA,NA,NA
scale_dem_sex,character,sex scale score,,NA,NA,NA,NA,NA,NA,NA,NA,NA,NA
scale_dem_race,character,race scale score,,NA,NA,NA,NA,NA,NA,NA,NA,NA,NA
scale_dem_hispanic,character,hispanic scale score,,NA,NA,NA,NA,NA,NA,NA,NA,NA,NA
scale_dem_educ,character,education scale score,,NA,NA,NA,NA,NA,NA,NA,NA,NA,NA
scale_dem_employ_type,character,employment type scale score,,NA,NA,NA,NA,NA,NA,NA,NA,NA,NA
scale_dem_employed,character,employed scale score,,NA,NA,NA,NA,NA,NA,NA,NA,NA,NA
scale_dem_income,numeric,income scale score,,NA,NA,NA,NA,NA,NA,NA,NA,NA,NA
scale_dem_marital,character,marital status scale score,,NA,NA,NA,NA,NA,NA,NA,NA,NA,NA
scale_dem2_liveparents,numeric,liveparents scale score,,NA,NA,NA,NA,NA,NA,NA,NA,NA,NA
scale_dem2_deadparents,numeric,deadparents scale score,,NA,NA,NA,NA,NA,NA,NA,NA,NA,NA
scale_dem2_livekids,numeric,livekids scale score,,NA,NA,NA,NA,NA,NA,NA,NA,NA,NA
scale_dem2_deadkids,numeric,deadkids scale score,,NA,NA,NA,NA,NA,NA,NA,NA,NA,NA
scale_auh_age_first,numeric,age first drink scale score,,NA,NA,NA,NA,NA,NA,NA,NA,NA,NA
scale_auh_age_regular,numeric,age regular drinking scale score,,NA,NA,NA,NA,NA,NA,NA,NA,NA,NA
scale_auh_age_problem,numeric,age drinking problems scale score,,NA,NA,NA,NA,NA,NA,NA,NA,NA,NA
scale_auh_age_firstquit,numeric,age first quit scale score,,NA,NA,NA,NA,NA,NA,NA,NA,NA,NA
scale_auh_times_quit,numeric,quit attempts scale score,,NA,NA,NA,NA,NA,NA,NA,NA,NA,NA
scale_auh_program_longres,character,longterm residental treatment scale score,,NA,NA,NA,NA,NA,NA,NA,NA,NA,NA
scale_auh_program_shortres,character,shortterm residental treatment scale score,,NA,NA,NA,NA,NA,NA,NA,NA,NA,NA
scale_auh_program_outpatient,character,outpatient treatment scale score,,NA,NA,NA,NA,NA,NA,NA,NA,NA,NA
scale_auh_program_individual,character,individual therapy treatment scale score,,NA,NA,NA,NA,NA,NA,NA,NA,NA,NA
scale_auh_program_group,character,group therapy treatment scale score,,NA,NA,NA,NA,NA,NA,NA,NA,NA,NA
scale_auh_program_selfhelp,character,selfhelp treatment scale score score,,NA,NA,NA,NA,NA,NA,NA,NA,NA,NA
scale_auh_program_other,character,other threatment scale score,,NA,NA,NA,NA,NA,NA,NA,NA,NA,NA
scale_auh_program_total,numeric,total treatment programs used scale score,,NA,NA,NA,NA,NA,NA,NA,NA,NA,NA
scale_auh_alcmeds,character,meds used for AUD treatment scale score,,NA,NA,NA,NA,NA,NA,NA,NA,NA,NA
scale_auh_freqdrink_sixmonths,numeric,sixmonths drink frequency scale score,,NA,NA,NA,NA,NA,NA,NA,NA,NA,NA
scale_auh_freqbinge_sixmonths,numeric,sixmonths binge frequency scale score,,NA,NA,NA,NA,NA,NA,NA,NA,NA,NA
scale_auh_quantdrink_sixmonths,numeric,sixmonths quantity of drinks scale score,,NA,NA,NA,NA,NA,NA,NA,NA,NA,NA
scale_auh_freqdrink_heaviest,numeric,heaviest drink frequency scale score,,NA,NA,NA,NA,NA,NA,NA,NA,NA,NA
scale_auh_freqbinge_heaviest,numeric,heaviest binge frequency scale score,,NA,NA,NA,NA,NA,NA,NA,NA,NA,NA
scale_auh_quantdrink_heaviest,numeric,heaviest quantity of drinks scale score,,NA,NA,NA,NA,NA,NA,NA,NA,NA,NA
scale_dsm5_tot,numeric,total scale score,,NA,NA,NA,NA,NA,NA,NA,NA,NA,NA
scale_yap_life,numeric,lifetime scale score,,NA,NA,NA,NA,NA,NA,NA,NA,NA,NA
scale_yap_year,numeric,past year scale score,,NA,NA,NA,NA,NA,NA,NA,NA,NA,NA
assist_1_all,numeric,lifetime use scale score,,NA,NA,NA,NA,NA,NA,NA,NA,NA,NA
assist_4_all,numeric, past 3 months problems scale score,,NA,NA,NA,NA,NA,NA,NA,NA,NA,NA
scale_assist_5_all,numeric, past 3 months failure scale score,,NA,NA,NA,NA,NA,NA,NA,NA,NA,NA
scale_assist_6_all,numeric, past 3 months concerns scale score,,NA,NA,NA,NA,NA,NA,NA,NA,NA,NA
scale_assist_7_all,numeric, past 3 months quit attempt scale score,,NA,NA,NA,NA,NA,NA,NA,NA,NA,NA
scale_assist_8_inject,numeric, injected drug scale score,,NA,NA,NA,NA,NA,NA,NA,NA,NA,NA
scale_scl90_tot,numeric, total scale score,,NA,NA,NA,NA,NA,NA,NA,NA,NA,NA
scale_scl90_som,numeric, somatization scale score,,NA,NA,NA,NA,NA,NA,NA,NA,NA,NA
scale_scl90_oc,numeric, obsessive compulsive scale score,,NA,NA,NA,NA,NA,NA,NA,NA,NA,NA
scale_scl90_sens,numeric, interpersonal sensibility scale score,,NA,NA,NA,NA,NA,NA,NA,NA,NA,NA
scale_scl90_dep,numeric, depression scale score,,NA,NA,NA,NA,NA,NA,NA,NA,NA,NA
scale_scl90_anx,numeric, anxiety scale score,,NA,NA,NA,NA,NA,NA,NA,NA,NA,NA
scale_scl90_ang,numeric, anger-hostility scale score,,NA,NA,NA,NA,NA,NA,NA,NA,NA,NA
scale_scl90_pho,numeric, phobic-anxiety scale score,,NA,NA,NA,NA,NA,NA,NA,NA,NA,NA
scale_scl90_par,numeric, paranoid ideation scale score,,NA,NA,NA,NA,NA,NA,NA,NA,NA,NA
scale_scl90_psy,numeric, psychoticism scale score,,NA,NA,NA,NA,NA,NA,NA,NA,NA,NA
scale_ius_tot,numeric,total scale score,,NA,NA,NA,NA,NA,NA,NA,NA,NA,NA
scale_asi3_pc,numeric,physical concerns scale score,,NA,NA,NA,NA,NA,NA,NA,NA,NA,NA
scale_asi3_cc,numeric,cognitive concerns scale score,,NA,NA,NA,NA,NA,NA,NA,NA,NA,NA
scale_asi3_sc,numeric,social concerns scale score,,NA,NA,NA,NA,NA,NA,NA,NA,NA,NA
scale_asi3_tot,numeric,total scale score,,NA,NA,NA,NA,NA,NA,NA,NA,NA,NA
scale_dts_toler,numeric,tolerance scale score,,NA,NA,NA,NA,NA,NA,NA,NA,NA,NA
scale_dts_absorb,numeric,absorption scale score,,NA,NA,NA,NA,NA,NA,NA,NA,NA,NA
scale_dts_appraise,numeric,appraisal scale score,,NA,NA,NA,NA,NA,NA,NA,NA,NA,NA
scale_dts_regulate,numeric,regulation scale score,,NA,NA,NA,NA,NA,NA,NA,NA,NA,NA
scale_dts_tot,numeric,total scale score,,NA,NA,NA,NA,NA,NA,NA,NA,NA,NA
scale_fad_prob,numeric,problem solving scale score,,NA,NA,NA,NA,NA,NA,NA,NA,NA,NA
scale_fad_comm,numeric,communication scale score,,NA,NA,NA,NA,NA,NA,NA,NA,NA,NA
scale_fad_role,numeric,roles scale score,,NA,NA,NA,NA,NA,NA,NA,NA,NA,NA
scale_fad_resp,numeric,affective responsiveness scale score,,NA,NA,NA,NA,NA,NA,NA,NA,NA,NA
scale_fad_inv,numeric,affective involvement scale score,,NA,NA,NA,NA,NA,NA,NA,NA,NA,NA
scale_fad_beh,numeric,behavior control scale score,,NA,NA,NA,NA,NA,NA,NA,NA,NA,NA
scale_fad_gen,numeric,general functioning scale score,,NA,NA,NA,NA,NA,NA,NA,NA,NA,NA
scale_mps_wb,numeric,wellbeing scale score,,NA,NA,NA,NA,NA,NA,NA,NA,NA,NA
scale_mps_sp,numeric,social potenancy scale score,,NA,NA,NA,NA,NA,NA,NA,NA,NA,NA
scale_mps_ac,numeric,achievement scale score,,NA,NA,NA,NA,NA,NA,NA,NA,NA,NA
scale_mps_sc,numeric,social closenessscale score,,NA,NA,NA,NA,NA,NA,NA,NA,NA,NA
scale_mps_sr,numeric,stress reaction scale score,,NA,NA,NA,NA,NA,NA,NA,NA,NA,NA
scale_mps_al,numeric,alienation scale score,,NA,NA,NA,NA,NA,NA,NA,NA,NA,NA
scale_mps_ag,numeric,aggression scale score,,NA,NA,NA,NA,NA,NA,NA,NA,NA,NA
scale_mps_ct,numeric,control scale score,,NA,NA,NA,NA,NA,NA,NA,NA,NA,NA
scale_mps_ha,numeric,harm avoidance scale score,,NA,NA,NA,NA,NA,NA,NA,NA,NA,NA
scale_mps_td,numeric,traditionalism scale score,,NA,NA,NA,NA,NA,NA,NA,NA,NA,NA
scale_mps_ab,numeric,absorption scale score,,NA,NA,NA,NA,NA,NA,NA,NA,NA,NA
scale_mps_uv,numeric,unlikely virtues scale score,,NA,NA,NA,NA,NA,NA,NA,NA,NA,NA
scale_mps_pag,numeric,agentic positive emotionality trait score,,NA,NA,NA,NA,NA,NA,NA,NA,NA,NA
scale_mps_pco,numeric,communal positive emotionality trait score,,NA,NA,NA,NA,NA,NA,NA,NA,NA,NA
scale_mps_nag,numeric,agentic negative emotionality trait score,,NA,NA,NA,NA,NA,NA,NA,NA,NA,NA
scale_mps_nal,numeric,alienated negative emotionality trait score,,NA,NA,NA,NA,NA,NA,NA,NA,NA,NA
scale_mps_pem,numeric,positive emotionality trait score,,NA,NA,NA,NA,NA,NA,NA,NA,NA,NA
scale_mps_nem,numeric,negative emotionality trait score,,NA,NA,NA,NA,NA,NA,NA,NA,NA,NA
scale_mps_con,numeric,constraint trait score,,NA,NA,NA,NA,NA,NA,NA,NA,NA,NA
